supplier_id,supplier_name,inn,kpp,ogrn,region,city,status,payment_terms,created_at,updated_at
SUP-00001,"ООО ПК ""РосСплав Нотолда Трейдинг (Екатеринбург)""",5423511615,594078161,8495931034131,Татарстан,Екатеринбург,Действующий,Отсрочка 15 дней,2023-12-31,2024-06-11
SUP-00002,"АО ""АлтайШина Инжиниринг (Гатчина)""",1928327648,350305641,3953767242388,Ростовская область,Гатчина,Действующий,Отсрочка 45 дней,2024-07-26,2025-07-04
SUP-00003,"ООО ПК ""ФедералСервис Пневмо (Ростов-на-Дону)""",122691669,784801845,1462704828148,Самарская область,Ростов‑на‑Дону,Действующий,Предоплата 100%,2024-05-14,2025-10-17
SUP-00004,"ООО ТК ""ТайгаМаш Годакса Альянс (Ростов-на-Дону)""",154303911,718227824,8963834657871,Ленинградская область,Ростов‑на‑Дону,Действующий,Предоплата 50%,2023-12-25,2025-08-29
SUP-00005,"ООО ТК ""БайкалИмпорт (Ростов-на-Дону)""",310518347,382997376,3116566701065,Московская область,Ростов‑на‑Дону,Действующий,Отсрочка 45 дней,2025-08-18,2025-09-15
SUP-00006,"ООО ПК ""ЗападШина Силавси Холдинг (Краснодар)""",1781080132,677360260,6474687234309,Новосибирская область,Краснодар,Действующий,Отсрочка 15 дней,2024-06-29,2025-04-10
SUP-00007,"ООО ""ТайгаДистриб Патитра Трейдинг (Казань)""",8208121913,619399091,6998543534624,Нижегородская область,Казань,Действующий,Предоплата 50%,2025-04-26,2025-09-01
SUP-00008,"ООО ""СеверТрейд Сервис (Новосибирск)""",3842513542,784980841,2411824493534,Челябинская область,Новосибирск,Действующий,Предоплата 50%,2025-07-23,2025-08-17
SUP-00009,"ООО ""ТайгаДеталь Свет Берирна Лайн (Санкт-Петербург)""",2427868011,280598262,450533158692,Ленинградская область,Санкт‑Петербург,Заблокирован,Предоплата 100%,2024-10-03,2024-10-25
SUP-00010,"ООО ПК ""БалтикМеханика Крепеж Алликми Центр (Химки)""",3421607337,543303654,1458685014294,Москва,Химки,Действующий,Отсрочка 15 дней,2024-11-29,2025-06-27
SUP-00011,"ООО ТД ""НеваСвет (Краснодар)""",9340608835,615951484,6564823662994,Татарстан,Краснодар,Действующий,Отсрочка 15 дней,2025-05-31,2025-06-29
SUP-00012,"ООО ""АрктикКрепеж Ордолро (Самара)""",7387214895,134332003,7917693676320,Московская область,Самара,Действующий,Отсрочка 45 дней,2025-08-09,2025-10-30
SUP-00013,"ООО ПК ""ЦентрПром Алмирри Трейдинг (Ростов-на-Дону)""",2788957986,872774348,7347143455812,Санкт‑Петербург,Ростов‑на‑Дону,Действующий,Предоплата 100%,2024-09-05,2025-11-13
SUP-00014,"АО ""ВостокТрейд Системс (Москва)""",6036690967,54668893,7346706562729,Челябинская область,Москва,Действующий,Отсрочка 45 дней,2025-02-14,2025-08-02
SUP-00015,"ООО ""ЗападСервис Тадакта (Химки)""",7204653755,646417080,5310033092327,Краснодарский край,Химки,Действующий,Предоплата 100%,2024-03-19,2025-05-31
SUP-00016,"ООО ""РегионХим Трейд Филалси (Нижний Новгород)""",1241904966,319314919,586518506716,Свердловская область,Нижний Новгород,Действующий,Отсрочка 30 дней,2025-01-05,2025-03-31
SUP-00017,"АО ТП ""РосИнжиниринг Гидро Системс (Химки)""",8776945314,737996507,5273545494808,Ленинградская область,Химки,Действующий,Отсрочка 30 дней,2025-06-11,2025-11-24
SUP-00018,"ООО ""ТайгаМеханика Панипда (Гатчина)""",7014363495,788568557,4443135182337,Ростовская область,Гатчина,Действующий,Отсрочка 45 дней,2025-04-25,2025-10-07
SUP-00019,"ООО ТК ""УралЛогистик Подшипник Еллипти (Челябинск)""",2408240084,271094777,5204711671902,Санкт‑Петербург,Челябинск,Действующий,Предоплата 50%,2024-07-10,2025-05-09
SUP-00020,"АО ""ПоволжьеИмпорт Сплав Дедоммо (Новосибирск)""",6774964990,913341232,8120679740344,Новосибирская область,Новосибирск,Действующий,Предоплата 100%,2025-02-23,2025-06-18
SUP-00021,"ООО ТД ""ЗападСплав Кабель Релосси Альянс (Химки)""",3618324210,249947174,6488771906594,Москва,Химки,Действующий,Отсрочка 45 дней,2025-08-19,2025-11-11
SUP-00022,"ООО ""ПрикамХим Каломси (Нижний Новгород)""",2787429671,756551256,7468071545168,Москва,Нижний Новгород,Действующий,Отсрочка 30 дней,2024-09-25,2025-07-17
SUP-00023,"ООО ПК ""КубаньПоставка Задоста Центр (Ростов-на-Дону)""",7703482477,109324808,6131712748467,Нижегородская область,Ростов‑на‑Дону,Действующий,Предоплата 100%,2025-06-07,2025-09-07
SUP-00024,"ООО ПК ""ВостокСнаб Тасонда (Самара)""",1465840449,972787558,8675339636057,Новосибирская область,Самара,Действующий,Предоплата 100%,2025-05-28,2025-12-05
SUP-00025,"ООО ""БайкалПоставка Деталь Инлопли Холдинг (Санкт-Петербург)""",1718702621,745961586,5780913431611,Нижегородская область,Санкт‑Петербург,Действующий,Предоплата 50%,2025-05-22,2025-10-20
SUP-00026,"ООО ""АрктикПодшипник Деталь Алмосми Партнер (Екатеринбург)""",2386922219,693792374,7407482175946,Новосибирская область,Екатеринбург,Действующий,Отсрочка 15 дней,2024-10-20,2025-04-21
SUP-00027,"АО ""ДонЭкспорт Аллосли (Самара)""",5944064090,974395339,4210470952145,Новосибирская область,Самара,Действующий,Предоплата 100%,2024-04-12,2024-12-10
SUP-00028,"ООО ""СеверСнаб (Ростов-на-Дону)""",2474517123,685160481,7549651370985,Самарская область,Ростов‑на‑Дону,Действующий,Отсрочка 30 дней,2025-06-20,2025-10-26
SUP-00029,"ООО ТД ""КубаньСервис Крепеж Вирости Лайн (Самара)""",471138267,586926179,6405377351585,Москва,Самара,Действующий,Предоплата 50%,2024-04-22,2024-09-12
SUP-00030,"ООО ""УралПодшипник Мимитла (Екатеринбург)""",53293183,933529042,2842102053950,Санкт‑Петербург,Екатеринбург,Действующий,Отсрочка 30 дней,2024-07-29,2025-06-22
SUP-00031,"ООО ""УралСплав Касисти Системс (Челябинск)""",5891783908,470076617,7115921249985,Татарстан,Челябинск,Действующий,Отсрочка 30 дней,2024-02-28,2025-06-29
SUP-00032,"ООО ТК ""КаспийЛКМ Свет Затипри Рус (Химки)""",8367365766,156545271,1116152809885,Краснодарский край,Химки,Действующий,Отсрочка 30 дней,2024-04-04,2024-07-30
SUP-00033,"ООО НП ""АзияЭкспресс Гидро Улрирми Рус (Санкт-Петербург)""",8327315851,493689980,9402445502296,Московская область,Санкт‑Петербург,Действующий,Предоплата 50%,2024-11-08,2025-05-07
SUP-00034,"ООО ТП ""ВостокИмпорт Хамамто Трейдинг (Екатеринбург)""",5254599102,290147679,7643815614978,Краснодарский край,Екатеринбург,Действующий,Отсрочка 30 дней,2024-08-01,2025-02-09
SUP-00035,"ООО ""КамаМеталл Сервис (Казань)""",2445107622,683885160,6071596966416,Москва,Казань,Действующий,Отсрочка 45 дней,2024-07-21,2025-05-25
SUP-00036,"ООО ""ПолярТрейд Техно Алдагси Рус (Новосибирск)""",1369681645,352181883,5523124329212,Краснодарский край,Новосибирск,Действующий,Отсрочка 45 дней,2024-12-29,2025-02-12
SUP-00037,"ООО ТК ""ВостокСнаб Рус (Ростов-на-Дону)""",5271774490,581477005,4119986798079,Краснодарский край,Ростов‑на‑Дону,Действующий,Отсрочка 30 дней,2025-07-25,2025-10-15
SUP-00038,"ООО ""АрктикЭлектро Ордормо Рус (Нижний Новгород)""",5182037788,925546659,515186449251,Самарская область,Нижний Новгород,Действующий,Отсрочка 15 дней,2025-03-30,2025-05-21
SUP-00039,"ООО ""СибПодшипник Нолавда (Самара)""",1486528168,505423573,3221418880592,Самарская область,Самара,Действующий,Предоплата 100%,2025-01-29,2025-04-05
SUP-00040,"ООО ТК ""АрктикСплав Поставка (Химки)""",3794738347,359774688,6239240758181,Ростовская область,Химки,Действующий,Отсрочка 15 дней,2025-03-17,2025-04-08
SUP-00041,"ООО ПК ""ОкаЭкспресс Ленолто Сервис (Краснодар)""",3750606853,615305152,2047277901043,Санкт‑Петербург,Краснодар,Действующий,Отсрочка 45 дней,2024-05-23,2025-08-13
SUP-00042,"ООО ""БайкалДеталь (Москва)""",369711798,89324609,5396218518888,Челябинская область,Москва,Действующий,Отсрочка 30 дней,2024-10-15,2025-02-13
SUP-00043,"ООО ""КамаСтрой Пневмо Бенасни Холдинг (Нижний Новгород)""",5153195205,852772217,430305486874,Москва,Нижний Новгород,Действующий,Отсрочка 15 дней,2025-01-10,2025-05-19
SUP-00044,"ООО ""ОкаДистриб Виригни Регион (Москва)""",5667652775,841616928,4511544796275,Нижегородская область,Москва,Действующий,Отсрочка 15 дней,2024-11-28,2025-04-16
SUP-00045,"ООО ТК ""НеваПневмо Строй Ортамли (Москва)""",6582029702,135569092,7557192856543,Московская область,Москва,Действующий,Отсрочка 30 дней,2025-10-09,2025-10-16
SUP-00046,"ООО ТК ""ЦентрИмпорт Трейд Висисно (Челябинск)""",7394731217,271551884,4225831323705,Челябинская область,Челябинск,Действующий,Отсрочка 45 дней,2024-04-23,2025-01-16
SUP-00047,"АО ""ВостокЭлектро Улдокси (Екатеринбург)""",7866912517,785289226,8018242253584,Московская область,Екатеринбург,Действующий,Отсрочка 45 дней,2024-03-01,2025-01-11
SUP-00048,"ООО ТД ""АлтайИнжиниринг Техно Флот (Новосибирск)""",8299229959,1094396,9078447364710,Санкт‑Петербург,Новосибирск,Действующий,Отсрочка 30 дней,2024-10-30,2025-09-09
SUP-00049,"АО ""БалтикТрейд Кадолра (Екатеринбург)""",5562588153,714732104,6963259532787,Нижегородская область,Екатеринбург,Действующий,Предоплата 50%,2024-05-20,2025-04-05
SUP-00050,"ООО ПК ""НеваИнжиниринг Холдинг (Челябинск)""",47974801,624565060,9835841687849,Краснодарский край,Челябинск,Действующий,Предоплата 50%,2024-08-27,2024-12-15
SUP-00051,"ООО ПК ""ЗападКолесо Кадалми (Москва)""",3986800025,787298259,5269495888794,Нижегородская область,Москва,Действующий,Предоплата 50%,2025-07-18,2025-10-19
SUP-00052,"ООО ПК ""НеваПоставка Импорт Групп (Казань)""",4993097289,623091307,5626368970283,Челябинская область,Казань,Заблокирован,Отсрочка 30 дней,2025-09-29,2025-10-02
SUP-00053,"ООО ТК ""КаспийЛогистик Леровмо Трейд (Химки)""",5854973348,434437575,8441986652404,Новосибирская область,Химки,Действующий,Отсрочка 30 дней,2024-06-19,2025-10-02
SUP-00054,"ООО ""ЛадогаМаркет Халосми (Челябинск)""",4842199330,833016571,2082677345401,Краснодарский край,Челябинск,Действующий,Предоплата 50%,2024-07-31,2024-11-11
SUP-00055,"АО ""АзияРесурс (Самара)""",2400499154,788728743,1527420549329,Краснодарский край,Самара,Действующий,Отсрочка 45 дней,2024-01-31,2025-03-12
SUP-00056,"ООО ТД ""БалтикКолесо Системс (Санкт-Петербург)""",7530463745,499045301,7426841459332,Нижегородская область,Санкт‑Петербург,Действующий,Отсрочка 45 дней,2024-03-31,2024-10-06
SUP-00057,"ООО ТД ""КаспийКабель Инлопта Флот (Самара)""",3391878519,108839822,5871397187072,Челябинская область,Самара,Действующий,Предоплата 50%,2025-07-09,2025-11-06
SUP-00058,"ООО ""БалтикМеталл Холдинг (Санкт-Петербург)""",4039106518,17046226,5676618251286,Челябинская область,Санкт‑Петербург,Действующий,Предоплата 100%,2024-11-04,2025-11-09
SUP-00059,"ООО ТК ""БалтикМеханика Партнер (Санкт-Петербург)""",8686337524,310690331,1907903067383,Москва,Санкт‑Петербург,Действующий,Отсрочка 15 дней,2024-10-25,2025-06-19
SUP-00060,"АО ""МегаИнжиниринг Компани (Санкт-Петербург)""",5342836440,892687056,8566246287334,Новосибирская область,Санкт‑Петербург,Действующий,Предоплата 50%,2025-08-05,2025-10-25
SUP-00061,"ООО ТК ""МегаИнструмент Гидро Хатапри Центр (Ростов-на-Дону)""",3435175183,46990139,8373540331739,Новосибирская область,Ростов‑на‑Дону,Действующий,Предоплата 100%,2025-07-17,2025-11-29
SUP-00062,"ООО ТК ""ТайгаХим Таломни Групп (Краснодар)""",5445877175,355609320,4899642353693,Нижегородская область,Краснодар,Действующий,Отсрочка 15 дней,2025-01-17,2025-09-12
SUP-00063,"ООО ТД ""ТайгаСервис Инжиниринг Занасмо (Москва)""",5228728080,100623120,3875099770088,Татарстан,Москва,Действующий,Отсрочка 15 дней,2025-10-12,2025-12-13
SUP-00064,"ООО ТК ""СодружествоЭкспорт Талагта Системс (Новосибирск)""",2118233984,546156793,3410166687002,Московская область,Новосибирск,Действующий,Отсрочка 15 дней,2025-05-22,2025-11-16
SUP-00065,"ООО ТК ""ЛадогаСталь Пневмо (Ростов-на-Дону)""",9740148902,503926142,9396856218501,Татарстан,Ростов‑на‑Дону,Действующий,Отсрочка 15 дней,2025-06-17,2025-06-27
SUP-00066,"ООО ТК ""СеверПром Профиль Орнивла Трейд (Химки)""",5047735866,296194311,4262655110475,Ростовская область,Химки,Действующий,Предоплата 100%,2025-08-25,2025-10-14
SUP-00067,"ООО ПК ""ОкаПодшипник (Новосибирск)""",158199560,466183982,6224447212646,Ростовская область,Новосибирск,Действующий,Отсрочка 15 дней,2025-07-15,2025-11-23
SUP-00068,"ООО ""ЛадогаШина Инжиниринг Камалла (Казань)""",3712406596,575692459,3752654793564,Татарстан,Казань,Действующий,Отсрочка 45 дней,2025-09-25,2025-11-27
SUP-00069,"АО ""ЗападЭкспресс Экспорт (Нижний Новгород)""",7374167243,426617979,6886805891135,Санкт‑Петербург,Нижний Новгород,Действующий,Отсрочка 45 дней,2024-06-26,2024-07-23
SUP-00070,"ООО ""СеверЭкспресс Логистик Силанма Лайн (Химки)""",4388899375,679825071,4611254573875,Нижегородская область,Химки,Действующий,Отсрочка 30 дней,2025-03-09,2025-05-02
SUP-00071,"ООО ТД ""СеверЛКМ Нотилни Лайн (Санкт-Петербург)""",5123828258,673622660,9379660334191,Челябинская область,Санкт‑Петербург,Действующий,Предоплата 100%,2024-02-08,2024-06-04
SUP-00072,"ООО ПК ""ФедералКрепеж Дерирдо (Санкт-Петербург)""",5969691557,924991251,3412528669296,Татарстан,Санкт‑Петербург,Действующий,Отсрочка 45 дней,2025-05-09,2025-09-21
SUP-00073,"АО ""КамаМаркет Ордатда (Новосибирск)""",5790507236,887676772,1903404384279,Новосибирская область,Новосибирск,Действующий,Предоплата 50%,2025-05-09,2025-07-21
SUP-00074,"ООО ""СибИнжиниринг Логистик Делорса (Санкт-Петербург)""",783613407,451713395,9629233095849,Челябинская область,Санкт‑Петербург,Действующий,Отсрочка 15 дней,2025-07-03,2025-10-04
SUP-00075,"ООО ""АрктикТех Номовмо (Краснодар)""",2604223253,672946671,1684577590175,Московская область,Краснодар,Действующий,Отсрочка 30 дней,2025-06-03,2025-11-23
SUP-00076,"АО ""ТрансДеталь Минимса (Химки)""",9297500170,127706324,2415415206436,Краснодарский край,Химки,Действующий,Предоплата 50%,2024-11-19,2025-04-13
SUP-00077,"АО ""КамаШина Лайн (Нижний Новгород)""",7005162713,611155426,2218909275326,Самарская область,Нижний Новгород,Действующий,Предоплата 100%,2024-05-08,2024-12-25
SUP-00078,"ООО ""ДонХим ЛКМ Регион (Москва)""",6565234138,999404389,8364037613791,Челябинская область,Москва,Заблокирован,Отсрочка 15 дней,2024-05-16,2024-09-19
SUP-00079,"АО ""КамаИнжиниринг Сплав Улдавни (Челябинск)""",2710910430,68486661,8892414183285,Татарстан,Челябинск,Действующий,Предоплата 50%,2025-02-27,2025-09-02
SUP-00080,"ООО ""КамаЭкспресс Ремомло Холдинг (Новосибирск)""",6179904210,202758842,5241056481491,Нижегородская область,Новосибирск,Действующий,Предоплата 50%,2024-08-25,2024-09-23
SUP-00081,"ООО ПК ""БайкалМаш Холдинг (Москва)""",1913800030,756220863,5365419518023,Челябинская область,Москва,Заблокирован,Предоплата 50%,2024-06-12,2025-06-23
SUP-00082,"ООО ПК ""АлтайМеталл Снаб Виманти Альянс (Новосибирск)""",7053494937,597383206,385050641383,Татарстан,Новосибирск,Заблокирован,Предоплата 100%,2024-11-07,2025-04-23
SUP-00083,"ООО ""ЗападТех Делилсо (Новосибирск)""",6571918261,990623445,6557431329121,Санкт‑Петербург,Новосибирск,Действующий,Отсрочка 30 дней,2024-08-18,2025-11-20
SUP-00084,"ООО ""РосШина Импорт Сидорта Партнер (Санкт-Петербург)""",4112490352,135680442,678831712100,Ленинградская область,Санкт‑Петербург,Действующий,Отсрочка 30 дней,2024-07-24,2025-03-12
SUP-00085,"ООО ТД ""ДонМаркет Импорт Рус (Ростов-на-Дону)""",4101372151,70296670,6625324472099,Самарская область,Ростов‑на‑Дону,Действующий,Отсрочка 30 дней,2025-10-15,2025-10-20
SUP-00086,"ООО ""КамаРесурс Рералто Снаб (Химки)""",6263838065,787598564,2059304078593,Санкт‑Петербург,Химки,Действующий,Предоплата 100%,2025-04-28,2025-05-13
SUP-00087,"ООО ТД ""АрктикСнаб Кабель Регион (Ростов-на-Дону)""",6522395590,599293784,2701039308705,Самарская область,Ростов‑на‑Дону,Действующий,Отсрочка 15 дней,2024-02-20,2024-10-01
SUP-00088,"АО ""КаспийЭкспорт Деталь (Москва)""",2185156915,452267528,9539264422096,Самарская область,Москва,Действующий,Отсрочка 15 дней,2024-02-23,2024-03-16
SUP-00089,"ООО ТК ""КубаньИмпорт (Нижний Новгород)""",2513552157,43315410,676267658617,Самарская область,Нижний Новгород,Действующий,Предоплата 100%,2025-07-26,2025-08-21
SUP-00090,"АО ""КубаньГидро Логистик (Москва)""",4115262181,599706296,2015336884443,Московская область,Москва,Действующий,Отсрочка 45 дней,2024-01-28,2024-11-24
SUP-00091,"ООО ""НеваПром Елливми Системс (Челябинск)""",4973103241,714677418,6256527047743,Ростовская область,Челябинск,Действующий,Предоплата 50%,2024-12-28,2024-12-29
SUP-00092,"ООО НП ""ВолгаРесурс Пневмо Алраста Трейдинг (Самара)""",9380686879,374160898,9921722332061,Краснодарский край,Самара,Действующий,Предоплата 100%,2025-07-01,2025-10-14
SUP-00093,"ООО ""БайкалСплав Ресурс Холдинг (Санкт-Петербург)""",6854870998,616229991,1914856467997,Москва,Санкт‑Петербург,Действующий,Предоплата 100%,2024-03-02,2024-05-30
SUP-00094,"ООО ТК ""ПолярТех Лелолмо Альянс (Екатеринбург)""",5307450544,471324754,6913736785082,Московская область,Екатеринбург,Действующий,Отсрочка 30 дней,2025-02-08,2025-02-27
SUP-00095,"АО ""ТайгаМеханика Алтирто Про (Санкт-Петербург)""",3030705345,786103579,7279855241406,Москва,Санкт‑Петербург,Действующий,Предоплата 100%,2025-07-29,2025-08-05
SUP-00096,"АО ""ПолярШина Трейд Филипри Партнер (Екатеринбург)""",8007229034,944665743,7489691085899,Ростовская область,Екатеринбург,Действующий,Отсрочка 30 дней,2024-07-23,2024-12-07
SUP-00097,"ООО ""ФедералКрепеж Маркет (Химки)""",4432830965,207446660,9935387584282,Ростовская область,Химки,Действующий,Отсрочка 15 дней,2025-10-10,2025-11-20
SUP-00098,"ООО ""ЦентрТрейд Пневмо (Санкт-Петербург)""",5346554947,170999173,8168460223569,Нижегородская область,Санкт‑Петербург,Действующий,Предоплата 100%,2024-12-02,2025-11-02
SUP-00099,"ООО ""ТрансЭлектро Флот (Санкт-Петербург)""",74329271,296666760,835058300335,Ростовская область,Санкт‑Петербург,Действующий,Отсрочка 45 дней,2025-10-01,2025-10-23
SUP-00100,"ООО ТК ""ЦентрСервис Елсигти (Нижний Новгород)""",4789856257,532603323,982150648909,Москва,Нижний Новгород,Действующий,Предоплата 50%,2024-02-29,2024-04-15
SUP-00101,"ООО ""ЗападИнжиниринг Финогда (Москва)""",8472304618,499261891,4117393483564,Санкт‑Петербург,Москва,Действующий,Предоплата 100%,2025-02-23,2025-10-08
SUP-00102,"ООО ПК ""ПрикамТрейд Экспресс Бетолра Регион (Гатчина)""",1972181143,744701204,5561100225579,Ростовская область,Гатчина,Действующий,Отсрочка 15 дней,2023-12-27,2024-01-09
SUP-00103,"АО ""ЗападСталь Денапси Центр (Челябинск)""",6762120216,979729659,277167014508,Новосибирская область,Челябинск,Действующий,Предоплата 100%,2025-02-06,2025-09-27
SUP-00104,"ООО ""ОкаИнструмент Электро Митолмо (Новосибирск)""",3756289002,877217535,4083866317797,Московская область,Новосибирск,Действующий,Предоплата 50%,2025-09-18,2025-09-30
SUP-00105,"ООО ""ЛадогаИмпорт Леракси Флот (Казань)""",880199488,375503758,9975711305548,Челябинская область,Казань,Действующий,Предоплата 50%,2024-01-12,2024-04-26
SUP-00106,"АО ""БалтикСвет Поставка Системс (Нижний Новгород)""",3316373516,91779827,808697829221,Татарстан,Нижний Новгород,Действующий,Отсрочка 15 дней,2025-02-16,2025-04-11
SUP-00107,"ООО ТК ""УралПоставка Флот (Москва)""",5472269848,583339452,2885158799684,Татарстан,Москва,Действующий,Предоплата 50%,2025-02-25,2025-07-02
SUP-00108,"ООО ""ПоволжьеПодшипник Плюс (Нижний Новгород)""",2442043805,719838638,4066658004397,Ленинградская область,Нижний Новгород,Действующий,Отсрочка 15 дней,2024-02-20,2024-09-11
SUP-00109,"ООО ""ПрикамХим Елналли Снаб (Казань)""",3472122816,64842294,572025909479,Челябинская область,Казань,Действующий,Отсрочка 15 дней,2025-09-02,2025-09-27
SUP-00110,"ООО ТК ""ФедералЛКМ Деталь Центр (Гатчина)""",2688615335,554398780,1573993056164,Челябинская область,Гатчина,Действующий,Отсрочка 45 дней,2025-06-10,2025-06-27
SUP-00111,"ООО ТД ""ТрансЭкспорт Релотмо (Самара)""",3581128801,336138612,750110248193,Ростовская область,Самара,Действующий,Отсрочка 30 дней,2025-03-25,2025-11-29
SUP-00112,"ООО ""ЗападСвет Ресурс (Москва)""",9190158144,914766072,8326842450882,Московская область,Москва,Действующий,Отсрочка 45 дней,2025-01-26,2025-03-27
SUP-00113,"ООО ""ЕвроЭлектро Пневмо Лесамти Системс (Химки)""",5368222394,312908781,4141397552314,Самарская область,Химки,Действующий,Отсрочка 15 дней,2024-03-21,2025-01-27
SUP-00114,"ООО ""КубаньМаркет Рус (Гатчина)""",9299556205,336452577,7547812914283,Ростовская область,Гатчина,Действующий,Предоплата 50%,2025-09-16,2025-12-09
SUP-00115,"ООО ""СеверРесурс Экспорт Детисси Холдинг (Санкт-Петербург)""",9969308488,725639427,8816580392827,Санкт‑Петербург,Санкт‑Петербург,Действующий,Отсрочка 45 дней,2025-05-27,2025-11-04
SUP-00116,"АО ""ЕвроШина Поставка Центр (Краснодар)""",7314530385,677005184,4989266591846,Ленинградская область,Краснодар,Действующий,Отсрочка 15 дней,2025-05-03,2025-08-02
SUP-00117,"ООО ""ВостокПрофиль Нодалдо Сервис (Нижний Новгород)""",2723184322,259136517,7739260302992,Санкт‑Петербург,Нижний Новгород,Действующий,Отсрочка 45 дней,2025-09-03,2025-09-03
SUP-00118,"АО ""БайкалПрофиль Леривна (Ростов-на-Дону)""",6990413797,723692929,8425799136621,Москва,Ростов‑на‑Дону,Действующий,Отсрочка 45 дней,2024-09-14,2024-12-15
SUP-00119,"ООО ""СибМеханика Лесолна (Челябинск)""",9908811729,806865086,3765991624731,Ростовская область,Челябинск,Действующий,Отсрочка 30 дней,2025-09-05,2025-09-17
SUP-00120,"ООО ТД ""ЕвроМеханика Задатно Альянс (Казань)""",8063565126,944869594,6368872588744,Самарская область,Казань,Действующий,Отсрочка 30 дней,2024-01-01,2025-08-14
SUP-00121,"АО ""СибДистриб Электро (Нижний Новгород)""",2138658902,601279611,4351906698490,Санкт‑Петербург,Нижний Новгород,Действующий,Предоплата 50%,2024-04-24,2024-12-15
SUP-00122,"АО ""АзияЭлектро Поставка Готопми Регион (Новосибирск)""",9883920530,214656693,8011848955439,Ленинградская область,Новосибирск,Действующий,Отсрочка 45 дней,2025-06-07,2025-08-19
SUP-00123,"ООО ""КубаньТех (Гатчина)""",1845184894,769735779,714163356588,Москва,Гатчина,Действующий,Предоплата 100%,2025-02-13,2025-10-30
SUP-00124,"ООО ""ЦентрКабель Тататта Партнер (Новосибирск)""",2755394237,333433339,5211179080759,Свердловская область,Новосибирск,Действующий,Отсрочка 45 дней,2024-12-09,2025-01-16
SUP-00125,"ООО ТД ""ФедералКолесо Хаданса (Челябинск)""",9208678085,627187500,3691559428434,Нижегородская область,Челябинск,Действующий,Предоплата 100%,2025-05-31,2025-08-10
SUP-00126,"ООО ""ТрансЛКМ (Химки)""",6472929314,386632270,2672885744890,Татарстан,Химки,Действующий,Предоплата 50%,2025-02-26,2025-09-04
SUP-00127,"АО ""ВостокЭкспорт Калитмо Трейдинг (Казань)""",7545588450,615939982,4558771694722,Краснодарский край,Казань,Действующий,Отсрочка 45 дней,2025-04-25,2025-11-25
SUP-00128,"ООО ""ЦентрДистриб (Химки)""",5544964759,876220234,1326111780068,Московская область,Химки,Действующий,Предоплата 100%,2024-03-15,2024-08-27
SUP-00129,"ООО ""БайкалГидро Хаталма (Екатеринбург)""",4722820055,778487282,9979688457831,Нижегородская область,Екатеринбург,Действующий,Отсрочка 15 дней,2024-11-05,2025-03-02
SUP-00130,"АО ""ВостокСервис Тасокло (Гатчина)""",2547807740,649308536,8663266341638,Самарская область,Гатчина,Действующий,Отсрочка 15 дней,2023-12-25,2025-06-12
SUP-00131,"ООО ""СеверПоставка Индатла Центр (Новосибирск)""",2241797497,350208021,4427031207356,Ростовская область,Новосибирск,Заблокирован,Отсрочка 30 дней,2025-02-19,2025-05-26
SUP-00132,"ООО ""ПолярИнструмент Металл Дедатса Регион (Казань)""",6187234601,367303718,3764520881474,Ленинградская область,Казань,Действующий,Предоплата 100%,2024-05-22,2024-07-18
SUP-00133,"ООО ПК ""КубаньЭкспорт Бедолма (Ростов-на-Дону)""",4916300979,251327195,52812735857,Новосибирская область,Ростов‑на‑Дону,Действующий,Отсрочка 30 дней,2025-03-13,2025-08-26
SUP-00134,"ООО ""ПоволжьеИмпорт Палорна Центр (Ростов-на-Дону)""",7848739285,574982182,7448570862095,Самарская область,Ростов‑на‑Дону,Действующий,Предоплата 50%,2024-09-06,2025-12-10
SUP-00135,"ООО ""АзияДистриб Филисро Регион (Ростов-на-Дону)""",2945651181,22031731,967899405391,Москва,Ростов‑на‑Дону,Действующий,Предоплата 50%,2024-07-06,2025-11-27
SUP-00136,"ООО ""СеверПоставка Ресурс Денакдо Групп (Санкт-Петербург)""",6509480141,381138633,8392886195761,Санкт‑Петербург,Санкт‑Петербург,Действующий,Отсрочка 45 дней,2024-02-25,2025-02-28
SUP-00137,"ООО ""КубаньПневмо Аллалда Флот (Москва)""",5585566593,983684577,6004908240433,Свердловская область,Москва,Действующий,Отсрочка 15 дней,2025-06-23,2025-11-23
SUP-00138,"ООО ""ОкаШина (Самара)""",7522459334,419693157,2791940961055,Татарстан,Самара,Действующий,Предоплата 50%,2025-07-31,2025-09-08
SUP-00139,"АО ""КубаньМаш Сплав Лерамда (Екатеринбург)""",6048058925,832067998,1364622517908,Татарстан,Екатеринбург,Действующий,Отсрочка 45 дней,2025-09-01,2025-09-02
SUP-00140,"ООО ""УралПневмо Групп (Новосибирск)""",3769389833,146591166,5535590425979,Санкт‑Петербург,Новосибирск,Действующий,Предоплата 100%,2024-05-06,2024-09-21
SUP-00141,"АО ""ДонМеханика Детинми Флот (Ростов-на-Дону)""",392405147,705383388,4879206980420,Ростовская область,Ростов‑на‑Дону,Действующий,Отсрочка 45 дней,2024-06-01,2024-08-27
SUP-00142,"ООО ТД ""СеверТех Гидро Трейд (Нижний Новгород)""",4510463681,579812387,8003845762055,Свердловская область,Нижний Новгород,Действующий,Отсрочка 45 дней,2024-01-02,2024-03-10
SUP-00143,"ООО ""ЕвроТех Госатни Плюс (Самара)""",843256216,893639264,9578232983248,Санкт‑Петербург,Самара,Заблокирован,Предоплата 100%,2025-09-25,2025-10-27
SUP-00144,"ООО ТК ""ВостокКабель (Челябинск)""",1252056647,423122099,4999393305172,Челябинская область,Челябинск,Действующий,Отсрочка 15 дней,2024-11-14,2024-12-18
SUP-00145,"АО НП ""РегионМаркет Орсипсо (Новосибирск)""",3306046333,127975736,6096569998808,Московская область,Новосибирск,Действующий,Предоплата 50%,2025-05-11,2025-09-09
SUP-00146,"АО ""БалтикТрейд Групп (Гатчина)""",8034764472,649082771,8129826657027,Самарская область,Гатчина,Действующий,Отсрочка 30 дней,2025-02-02,2025-02-22
SUP-00147,"ООО ТП ""АлтайКрепеж (Новосибирск)""",7518689268,602592222,644742123094,Москва,Новосибирск,Действующий,Отсрочка 30 дней,2024-06-09,2024-10-13
SUP-00148,"ООО ТК ""ДонСвет ЛКМ Бемикна Компани (Нижний Новгород)""",9776719903,849830220,5020994510162,Санкт‑Петербург,Нижний Новгород,Действующий,Отсрочка 45 дней,2025-09-07,2025-11-09
SUP-00149,"ООО ТК ""ЛадогаМаш Заранда Холдинг (Казань)""",5014556168,147214586,8339019817946,Самарская область,Казань,Действующий,Отсрочка 45 дней,2024-06-23,2025-10-02
SUP-00150,"ООО ""ОкаКабель Касисла (Нижний Новгород)""",7729343010,713966055,8303441448850,Московская область,Нижний Новгород,Действующий,Отсрочка 30 дней,2025-09-14,2025-11-25
SUP-00151,"ООО ""УралТех Импорт Беномси Регион (Челябинск)""",5770272785,760849588,395512405682,Самарская область,Челябинск,Действующий,Отсрочка 45 дней,2024-06-21,2025-01-05
SUP-00152,"ООО ""ТайгаПодшипник Гонапри Холдинг (Гатчина)""",6173574384,215031780,7823578452182,Ленинградская область,Гатчина,Действующий,Отсрочка 30 дней,2024-11-11,2025-11-09
SUP-00153,"ООО ТК ""НеваЭкспресс Вимарда (Казань)""",9157018409,435334485,7142241098813,Челябинская область,Казань,Действующий,Отсрочка 15 дней,2024-11-07,2024-11-29
SUP-00154,"АО ""НеваЛКМ Флот (Новосибирск)""",4958702070,160166299,7954538179217,Московская область,Новосибирск,Действующий,Отсрочка 30 дней,2025-08-03,2025-10-04
SUP-00155,"ООО ""БайкалКабель Экспресс Альянс (Челябинск)""",6255770171,577245992,8161581487696,Ленинградская область,Челябинск,Действующий,Предоплата 100%,2024-05-20,2025-02-08
SUP-00156,"ООО ПК ""БайкалПодшипник Дерилса Трейд (Челябинск)""",9669583219,719975817,2461919657013,Санкт‑Петербург,Челябинск,Действующий,Предоплата 50%,2024-12-07,2025-03-23
SUP-00157,"АО ""СодружествоТехно Залипма (Казань)""",9733549465,190986240,5800851403696,Краснодарский край,Казань,Действующий,Отсрочка 30 дней,2025-04-01,2025-08-28
SUP-00158,"ООО ""МегаКомплект Колесо Улрарто Флот (Санкт-Петербург)""",2386562422,10276212,6796927868765,Ленинградская область,Санкт‑Петербург,Действующий,Предоплата 50%,2024-07-28,2025-07-02
SUP-00159,"ООО ТК ""ТрансТрейд Бетогло Групп (Новосибирск)""",6895009751,971284781,8913718949058,Москва,Новосибирск,Действующий,Отсрочка 30 дней,2024-08-23,2025-08-22
SUP-00160,"ООО ТК ""АрктикКолесо Елтисли Партнер (Санкт-Петербург)""",4420949407,929049047,1281442944401,Самарская область,Санкт‑Петербург,Действующий,Предоплата 100%,2025-02-28,2025-08-27
SUP-00161,"ООО ""СеверКрепеж Плюс (Екатеринбург)""",7280512927,663723950,4102767478366,Нижегородская область,Екатеринбург,Действующий,Отсрочка 30 дней,2024-09-17,2025-10-22
SUP-00162,"ООО ""ЦентрЛогистик (Ростов-на-Дону)""",185694544,149673938,5258001061817,Свердловская область,Ростов‑на‑Дону,Действующий,Отсрочка 15 дней,2025-01-19,2025-06-29
SUP-00163,"АО ТК ""НеваЭлектро Ресурс Интивли Трейд (Новосибирск)""",9391119269,212447174,6542140665044,Санкт‑Петербург,Новосибирск,Действующий,Предоплата 100%,2025-09-19,2025-09-30
SUP-00164,"ООО ТК ""КамаЭлектро Иннагса (Ростов-на-Дону)""",8639174101,194707200,6425690877661,Челябинская область,Ростов‑на‑Дону,Действующий,Отсрочка 30 дней,2025-10-15,2025-11-15
SUP-00165,"ООО ""ДонТрейд Импорт Про (Нижний Новгород)""",6015851743,280634615,7173203093761,Челябинская область,Нижний Новгород,Действующий,Отсрочка 45 дней,2024-12-26,2025-06-14
SUP-00166,"ООО ПК ""БайкалСплав Флот (Челябинск)""",613878293,102707903,2020417929111,Нижегородская область,Челябинск,Действующий,Предоплата 100%,2024-12-06,2025-01-03
SUP-00167,"ООО ""РосТехно Улсотли Центр (Москва)""",6519825309,251142625,8273902196207,Московская область,Москва,Действующий,Предоплата 50%,2025-03-05,2025-08-24
SUP-00168,"ООО ""МегаКабель Шина Про (Москва)""",3248763290,927914560,8331819588373,Ростовская область,Москва,Действующий,Предоплата 100%,2025-02-23,2025-10-24
SUP-00169,"ООО ""СибСнаб Камосна (Гатчина)""",5436459701,82207811,3799563531531,Ленинградская область,Гатчина,Действующий,Предоплата 100%,2024-06-05,2024-07-19
SUP-00170,"ООО ПК ""ТайгаДистриб Поставка Системс (Челябинск)""",623972652,735435209,421776253492,Краснодарский край,Челябинск,Действующий,Отсрочка 45 дней,2024-03-09,2025-07-04
SUP-00171,"ООО ""РегионКрепеж Карирти (Краснодар)""",7397740633,569392906,78068671773,Московская область,Краснодар,Действующий,Отсрочка 30 дней,2024-03-22,2025-05-17
SUP-00172,"АО НП ""ТрансИнструмент Еллолро Сервис (Москва)""",1074279907,726257016,5804649893195,Новосибирская область,Москва,Действующий,Отсрочка 15 дней,2024-10-22,2025-02-21
SUP-00173,"ООО ""СеверШина Сирикси Регион (Краснодар)""",5528183253,817933554,8640155778817,Новосибирская область,Краснодар,Действующий,Отсрочка 45 дней,2025-01-02,2025-08-28
SUP-00174,"ООО ТД ""ЦентрКомплект Индагта (Краснодар)""",1371162411,241272380,4682756704310,Ленинградская область,Краснодар,Действующий,Отсрочка 30 дней,2025-01-04,2025-12-14
SUP-00175,"ООО ""ВолгаМеталл Деновро (Санкт-Петербург)""",8877492424,375402547,2928422223105,Самарская область,Санкт‑Петербург,Действующий,Отсрочка 15 дней,2024-11-23,2025-07-29
SUP-00176,"АО НП ""АрктикСтрой Снаб (Краснодар)""",5257828410,672752088,5474929751702,Краснодарский край,Краснодар,Действующий,Предоплата 50%,2024-01-29,2025-12-10
SUP-00177,"ООО ПК ""ДонЭлектро Системс (Екатеринбург)""",939834301,871863759,9805626565045,Свердловская область,Екатеринбург,Заблокирован,Отсрочка 45 дней,2025-03-25,2025-09-23
SUP-00178,"ООО ""ПоволжьеДеталь Госатма Холдинг (Москва)""",4266299123,478519610,6462879232648,Нижегородская область,Москва,Действующий,Отсрочка 15 дней,2025-03-23,2025-10-21
SUP-00179,"ООО ТК ""МегаСтрой Кабель Сервис (Санкт-Петербург)""",244714627,301471959,7964715890429,Москва,Санкт‑Петербург,Действующий,Предоплата 100%,2025-07-19,2025-11-14
SUP-00180,"ООО ТД ""ТрансПневмо Лайн (Ростов-на-Дону)""",5044818321,928554451,8952028457652,Московская область,Ростов‑на‑Дону,Действующий,Предоплата 100%,2024-09-29,2025-04-01
SUP-00181,"АО ""ПоволжьеСнаб Инструмент (Гатчина)""",8881671120,754527985,2401322342321,Татарстан,Гатчина,Действующий,Предоплата 50%,2025-09-13,2025-12-10
SUP-00182,"ООО ""НеваТрейд (Химки)""",890714014,11939325,124955289389,Московская область,Химки,Действующий,Предоплата 50%,2025-03-10,2025-03-31
SUP-00183,"ООО ""СибСвет Лелакмо Про (Новосибирск)""",8013875927,125663836,1517182754801,Свердловская область,Новосибирск,Действующий,Отсрочка 15 дней,2024-07-08,2025-04-22
SUP-00184,"ООО ""УралШина Ресурс (Ростов-на-Дону)""",7386463175,207167811,2669121535396,Московская область,Ростов‑на‑Дону,Действующий,Отсрочка 30 дней,2024-11-08,2025-10-25
SUP-00185,"ООО ""СеверКабель (Нижний Новгород)""",6579678427,114773201,170269524991,Московская область,Нижний Новгород,Действующий,Отсрочка 30 дней,2025-08-11,2025-10-25
SUP-00186,"ООО ПК ""НеваПоставка Улнотто Трейд (Новосибирск)""",8588006167,567700284,2762467197889,Нижегородская область,Новосибирск,Действующий,Предоплата 100%,2025-05-17,2025-09-19
SUP-00187,"ООО ТК ""СодружествоКабель Комплект Мититма Снаб (Санкт-Петербург)""",6954500902,559056165,5650333491141,Свердловская область,Санкт‑Петербург,Действующий,Отсрочка 15 дней,2024-09-19,2025-05-30
SUP-00188,"ООО ""ВостокЭкспорт (Челябинск)""",4079056965,917135785,2945637183440,Ростовская область,Челябинск,Действующий,Предоплата 100%,2025-03-01,2025-11-19
SUP-00189,"ООО ТК ""МегаГидро Профиль Занинми Альянс (Краснодар)""",4198763514,846853664,9878208297374,Краснодарский край,Краснодар,Действующий,Отсрочка 30 дней,2025-08-08,2025-09-01
SUP-00190,"ООО ТК ""ВолгаПневмо Хим Снаб (Екатеринбург)""",7232466513,644249363,1230347786603,Санкт‑Петербург,Екатеринбург,Действующий,Отсрочка 15 дней,2024-02-24,2025-08-11
SUP-00191,"ООО ТД ""АлтайКомплект Импорт Нолорра Плюс (Ростов-на-Дону)""",7001594165,162319818,9847139155963,Татарстан,Ростов‑на‑Дону,Действующий,Предоплата 100%,2024-06-22,2024-08-04
SUP-00192,"АО ""ВостокКолесо Алсилти Сервис (Екатеринбург)""",785158673,425754090,348645183760,Татарстан,Екатеринбург,Действующий,Предоплата 100%,2025-02-15,2025-06-25
SUP-00193,"ООО ""СодружествоПром Холдинг (Санкт-Петербург)""",6041776561,248156985,7002720634591,Московская область,Санкт‑Петербург,Действующий,Предоплата 100%,2025-03-18,2025-08-27
SUP-00194,"ООО ""НеваИнструмент Тех Елтагни Снаб (Казань)""",2429543165,266930089,3173420696942,Московская область,Казань,Действующий,Отсрочка 45 дней,2024-11-16,2025-07-05
SUP-00195,"ООО ""АрктикИнжиниринг Кадогса Регион (Новосибирск)""",7713334476,263934362,6204439735971,Москва,Новосибирск,Действующий,Отсрочка 15 дней,2025-06-15,2025-10-04
SUP-00196,"ООО ПК ""УралПром Дистриб Гососли Холдинг (Химки)""",4118005375,990048964,6528092428757,Санкт‑Петербург,Химки,Действующий,Отсрочка 45 дней,2025-01-20,2025-08-24
SUP-00197,"ООО ПК ""ЛадогаМаш Групп (Новосибирск)""",2745644948,562572870,3203207427617,Москва,Новосибирск,Действующий,Отсрочка 45 дней,2024-04-22,2025-03-08
SUP-00198,"ООО ПК ""ПоволжьеЭкспресс Поставка Фисосми (Гатчина)""",1342284993,908926137,1504165915201,Нижегородская область,Гатчина,Действующий,Отсрочка 30 дней,2024-04-18,2024-09-16
SUP-00199,"ООО ТД ""ЛадогаМаш Силитмо Снаб (Екатеринбург)""",9759230450,189616423,6103266421476,Новосибирская область,Екатеринбург,Действующий,Отсрочка 45 дней,2023-12-30,2024-12-01
SUP-00200,"АО ТП ""ДонИнжиниринг Логистик Лесигма Системс (Санкт-Петербург)""",7767499616,592661085,7327881476174,Санкт‑Петербург,Санкт‑Петербург,Действующий,Отсрочка 15 дней,2024-04-01,2025-04-12
SUP-00201,"АО ""РегионМеханика Годални (Санкт-Петербург)""",1081866179,454918017,2260164597794,Свердловская область,Санкт‑Петербург,Действующий,Предоплата 50%,2024-10-22,2025-08-09
SUP-00202,"ООО ""ВолгаШина Кабель Елнассо (Екатеринбург)""",610277697,499564122,310303723683,Московская область,Екатеринбург,Действующий,Предоплата 100%,2024-04-11,2025-06-29
SUP-00203,"ООО ПК ""ПолярКолесо Затогси (Москва)""",7770793349,605016679,9840767899730,Челябинская область,Москва,Действующий,Отсрочка 15 дней,2024-04-22,2024-10-09
SUP-00204,"ООО ТК ""ПрикамДеталь Крепеж Ситигдо Снаб (Санкт-Петербург)""",9576024375,738395972,4665729341722,Ленинградская область,Санкт‑Петербург,Действующий,Предоплата 50%,2025-02-24,2025-10-24
SUP-00205,"ООО ПК ""ЦентрГидро Ресурс (Челябинск)""",545228015,619318374,5508428910771,Московская область,Челябинск,Действующий,Предоплата 50%,2024-08-21,2024-12-06
SUP-00206,"ООО ТК ""БайкалКомплект Каратта Холдинг (Санкт-Петербург)""",3524787125,521376037,5482145653286,Ленинградская область,Санкт‑Петербург,Действующий,Отсрочка 30 дней,2024-04-10,2024-09-28
SUP-00207,"ООО ПК ""ТрансСплав Вирални Регион (Нижний Новгород)""",720811556,260602908,4668455048926,Нижегородская область,Нижний Новгород,Действующий,Отсрочка 45 дней,2025-06-05,2025-11-26
SUP-00208,"ООО ТК ""РосПоставка Палосмо Партнер (Нижний Новгород)""",6341085628,843188485,2008943468105,Ростовская область,Нижний Новгород,Действующий,Предоплата 50%,2025-03-21,2025-09-13
SUP-00209,"ООО ""КубаньШина Подшипник Фитатро Центр (Новосибирск)""",753998935,449268315,8935712661106,Санкт‑Петербург,Новосибирск,Действующий,Предоплата 50%,2024-04-30,2025-08-02
SUP-00210,"ООО ""ПрикамСвет Сисинри (Москва)""",6497677622,827728813,7702851961159,Ростовская область,Москва,Действующий,Предоплата 50%,2025-02-09,2025-12-07
SUP-00211,"ООО ""ЦентрКолесо (Гатчина)""",2296044327,18510679,4975679228777,Санкт‑Петербург,Гатчина,Действующий,Отсрочка 45 дней,2024-10-30,2025-03-29
SUP-00212,"ООО ТК ""МегаСтрой Калатсо (Химки)""",8074120948,181398909,8378018204339,Нижегородская область,Химки,Действующий,Отсрочка 45 дней,2024-08-19,2025-11-22
SUP-00213,"ООО ""СодружествоКрепеж (Казань)""",562608564,111824224,1246209520046,Московская область,Казань,Действующий,Отсрочка 15 дней,2024-02-09,2025-06-26
SUP-00214,"ООО ТД ""ВостокЭкспорт Заловно Трейд (Краснодар)""",9937886140,578617063,489138249671,Краснодарский край,Краснодар,Действующий,Предоплата 100%,2024-02-16,2024-09-10
SUP-00215,"ООО ""ЛадогаКабель Затинно Групп (Ростов-на-Дону)""",8700794200,749465398,4028914161284,Татарстан,Ростов‑на‑Дону,Действующий,Отсрочка 15 дней,2024-09-01,2025-06-03
SUP-00216,"ООО ""КаспийСтрой Фимисно Про (Новосибирск)""",5537950209,700268768,1180715695620,Московская область,Новосибирск,Действующий,Предоплата 100%,2025-04-01,2025-08-18
SUP-00217,"ООО ""ПрикамЛогистик Алнасда Регион (Химки)""",5319433750,479303614,9872839992192,Новосибирская область,Химки,Действующий,Отсрочка 45 дней,2024-01-14,2024-10-27
SUP-00218,"АО ""СибМеталл Сервис Инмакли (Москва)""",894870605,664187758,304687506351,Самарская область,Москва,Заблокирован,Предоплата 100%,2024-09-30,2025-01-06
SUP-00219,"ООО ПК ""НеваРесурс Строй Орнавма (Москва)""",1107609543,173505831,9971791100651,Санкт‑Петербург,Москва,Действующий,Отсрочка 30 дней,2024-07-13,2024-12-28
SUP-00220,"ООО ТП ""МегаМеталл Детотми (Ростов-на-Дону)""",804661963,990767699,1507859311091,Самарская область,Ростов‑на‑Дону,Действующий,Предоплата 100%,2025-09-26,2025-11-20
SUP-00221,"ООО ТК ""АрктикЛогистик Миравло (Казань)""",7232002496,854982274,9545089203880,Татарстан,Казань,Действующий,Предоплата 100%,2025-02-28,2025-11-01
SUP-00222,"АО ""ЛадогаИнструмент Плюс (Казань)""",7959959465,217073033,7933756362050,Московская область,Казань,Действующий,Предоплата 50%,2024-12-08,2025-03-14
SUP-00223,"АО ""АлтайДеталь Танасно (Химки)""",334234258,323024102,6153473552896,Новосибирская область,Химки,Действующий,Предоплата 100%,2024-07-11,2025-07-14
SUP-00224,"АО ""ТайгаЛКМ Поставка Рус (Казань)""",6309938425,304289731,7912868578725,Новосибирская область,Казань,Действующий,Отсрочка 30 дней,2025-01-15,2025-07-25
SUP-00225,"ООО ""НеваИнжиниринг Занорми Альянс (Новосибирск)""",9033373634,669254812,1478539078956,Нижегородская область,Новосибирск,Действующий,Отсрочка 15 дней,2025-08-11,2025-10-01
SUP-00226,"ООО ""ВостокМаркет Свет Памисмо Системс (Казань)""",3415148881,431115083,5354443928404,Ростовская область,Казань,Действующий,Отсрочка 30 дней,2025-01-19,2025-01-31
SUP-00227,"ООО ПК ""ЛадогаКолесо Орсилма Системс (Самара)""",2633373898,775153663,7780529240755,Ленинградская область,Самара,Действующий,Отсрочка 30 дней,2024-01-06,2025-05-03
SUP-00228,"ООО ""РегионКрепеж Фимамси (Химки)""",225999966,361863715,9741218209702,Ленинградская область,Химки,Действующий,Отсрочка 30 дней,2025-08-17,2025-08-19
SUP-00229,"ООО ТД ""ОкаСнаб Гонагма Сервис (Москва)""",7058025662,128671632,3467299493874,Ленинградская область,Москва,Заблокирован,Отсрочка 30 дней,2024-10-18,2025-09-20
SUP-00230,"ООО ""ЛадогаПодшипник ЛКМ Тадонно (Гатчина)""",9777901475,469263296,7629160324841,Новосибирская область,Гатчина,Действующий,Предоплата 100%,2025-09-04,2025-10-05
SUP-00231,"ООО ""СодружествоЭлектро Деситса Флот (Новосибирск)""",1856724380,701765636,41257771183,Новосибирская область,Новосибирск,Действующий,Отсрочка 15 дней,2024-04-27,2025-05-09
SUP-00232,"АО ""ДонСвет Гомомти Снаб (Москва)""",1862104275,230837081,6470900633533,Московская область,Москва,Действующий,Предоплата 50%,2025-09-06,2025-09-18
SUP-00233,"ООО ""ВостокПрофиль Маркет Голарда Центр (Екатеринбург)""",1220681558,393866133,1552065063731,Краснодарский край,Екатеринбург,Действующий,Отсрочка 15 дней,2024-02-27,2024-10-09
SUP-00234,"ООО ""РегионКомплект Ресурс Паратса Альянс (Гатчина)""",7189241956,252571509,9768389030914,Ленинградская область,Гатчина,Действующий,Предоплата 100%,2025-02-17,2025-07-21
SUP-00235,"ООО ТК ""АзияГидро Улторна Плюс (Москва)""",3263039752,450864035,5338033968527,Краснодарский край,Москва,Действующий,Отсрочка 30 дней,2024-05-13,2025-05-31
SUP-00236,"ООО ""ЕвроСплав Механика Партнер (Самара)""",2129833816,742336293,4497347156627,Нижегородская область,Самара,Действующий,Отсрочка 30 дней,2025-10-04,2025-10-22
SUP-00237,"АО ТК ""РосДистриб Экспорт Памисра Партнер (Казань)""",1498282467,474689715,2732300857666,Новосибирская область,Казань,Действующий,Отсрочка 15 дней,2024-01-14,2025-02-07
SUP-00238,"ООО ""КаспийЭлектро Ресурс Сервис (Гатчина)""",9236458750,663370502,4972439920116,Татарстан,Гатчина,Действующий,Предоплата 50%,2024-02-02,2024-06-08
SUP-00239,"ООО ТК ""РегионСвет Центр (Санкт-Петербург)""",4488694611,952436402,7011686462252,Новосибирская область,Санкт‑Петербург,Действующий,Предоплата 100%,2025-03-02,2025-05-25
SUP-00240,"ООО ""МегаГидро Татасмо (Самара)""",234679121,416141509,3771004090138,Москва,Самара,Действующий,Отсрочка 15 дней,2025-07-27,2025-09-19
SUP-00241,"ООО ПК ""ЦентрПром Каримра Центр (Гатчина)""",5535669055,107620918,4357978630505,Москва,Гатчина,Действующий,Отсрочка 30 дней,2025-09-03,2025-10-27
SUP-00242,"АО ""ФедералСнаб Хасамта (Екатеринбург)""",7164932898,27148727,1783332116025,Татарстан,Екатеринбург,Действующий,Отсрочка 15 дней,2025-02-06,2025-03-19
SUP-00243,"ООО ""РегионИнструмент Плюс (Челябинск)""",7153991566,863341411,1593195256904,Москва,Челябинск,Действующий,Отсрочка 30 дней,2024-04-29,2024-09-15
SUP-00244,"ООО ""ТайгаПневмо Снаб (Гатчина)""",9316087524,377294209,5481497374605,Санкт‑Петербург,Гатчина,Действующий,Предоплата 100%,2024-05-02,2025-10-16
SUP-00245,"ООО ПК ""ПоволжьеКрепеж Комплект Сисотми Альянс (Гатчина)""",2086567566,184438612,5904729277423,Ленинградская область,Гатчина,Действующий,Предоплата 50%,2025-05-07,2025-11-09
SUP-00246,"ООО ТД ""АзияСплав Компани (Химки)""",6201572018,596263013,6749261764750,Московская область,Химки,Действующий,Отсрочка 30 дней,2024-04-07,2024-09-05
SUP-00247,"ООО ""ЗападДистриб Подшипник Елдалто Плюс (Санкт-Петербург)""",7419267649,215182606,8887189813129,Новосибирская область,Санкт‑Петербург,Действующий,Отсрочка 30 дней,2025-08-16,2025-10-28
SUP-00248,"ООО ТД ""АзияШина Инжиниринг Видагсо Трейдинг (Москва)""",2184011845,826034084,8729758598831,Краснодарский край,Москва,Действующий,Предоплата 100%,2024-05-04,2025-12-13
SUP-00249,"АО ""СодружествоСнаб Инструмент Центр (Челябинск)""",5429618446,267146283,1435989262566,Москва,Челябинск,Действующий,Отсрочка 15 дней,2024-05-10,2025-11-26
SUP-00250,"ООО ""БайкалСталь Свет Групп (Казань)""",1554234016,361128497,1859484910256,Санкт‑Петербург,Казань,Действующий,Отсрочка 45 дней,2025-07-08,2025-10-20
SUP-00251,"ООО ТК ""ЕвроСервис Лайн (Ростов-на-Дону)""",822269405,396727578,4468341465111,Новосибирская область,Ростов‑на‑Дону,Действующий,Предоплата 100%,2025-04-26,2025-09-24
SUP-00252,"ООО ТК ""СеверРесурс Ханипра Альянс (Самара)""",682778816,93068538,9097283215285,Москва,Самара,Действующий,Предоплата 100%,2024-10-12,2025-07-22
SUP-00253,"ООО ""НеваКабель Механика (Самара)""",1447443096,348079705,975451052650,Московская область,Самара,Действующий,Предоплата 50%,2024-09-05,2025-11-04
SUP-00254,"ООО ТК ""ФедералКолесо Хим Редолра Снаб (Нижний Новгород)""",243765456,284177225,6053134026650,Санкт‑Петербург,Нижний Новгород,Действующий,Отсрочка 30 дней,2025-02-17,2025-04-21
SUP-00255,"ООО ""КамаКрепеж Тех Лемагта Трейдинг (Екатеринбург)""",2568621102,258030569,674471639282,Ленинградская область,Екатеринбург,Действующий,Отсрочка 15 дней,2025-05-08,2025-09-25
SUP-00256,"АО ""ВолгаМеталл (Нижний Новгород)""",1892392312,604326093,1066843356708,Татарстан,Нижний Новгород,Действующий,Предоплата 50%,2024-07-15,2025-11-12
SUP-00257,"ООО ТД ""ЕвроКомплект Инновна (Екатеринбург)""",200053474,916247554,1108255598953,Краснодарский край,Екатеринбург,Действующий,Отсрочка 30 дней,2024-12-18,2025-07-20
SUP-00258,"ООО ""РегионПром Десанси Регион (Екатеринбург)""",3371189547,382023684,8557161768802,Самарская область,Екатеринбург,Действующий,Предоплата 100%,2024-05-06,2024-09-06
SUP-00259,"ООО ""КаспийЭлектро Гомогри Холдинг (Санкт-Петербург)""",6788127868,669432029,3908788443448,Московская область,Санкт‑Петербург,Действующий,Отсрочка 45 дней,2024-02-25,2024-09-06
SUP-00260,"АО ПК ""ВостокСталь Механика (Гатчина)""",4240338105,955184269,4500534240891,Новосибирская область,Гатчина,Действующий,Отсрочка 15 дней,2025-10-09,2025-10-27
SUP-00261,"ООО ""ТайгаШина Инжиниринг Регион (Новосибирск)""",3962736527,172722397,2404226931216,Ленинградская область,Новосибирск,Действующий,Отсрочка 30 дней,2025-03-21,2025-07-11
SUP-00262,"ООО ""ФедералСплав Мититна (Краснодар)""",6601002314,290018513,2797245723084,Краснодарский край,Краснодар,Действующий,Предоплата 50%,2024-05-13,2024-05-25
SUP-00263,"ООО ""МегаСнаб Финатни (Казань)""",6203036625,436172131,4519515109226,Челябинская область,Казань,Действующий,Отсрочка 30 дней,2024-04-08,2025-09-13
SUP-00264,"АО ""ТайгаЭкспресс Нодогра Компани (Нижний Новгород)""",5147541022,526771196,4215226557676,Самарская область,Нижний Новгород,Действующий,Предоплата 100%,2024-10-28,2025-09-12
SUP-00265,"ООО ПК ""ЛадогаЭкспорт Хатилти Центр (Москва)""",8836196893,135030587,2105524728633,Ленинградская область,Москва,Действующий,Предоплата 50%,2025-05-17,2025-10-01
SUP-00266,"АО ""ЛадогаСплав Голинра Альянс (Санкт-Петербург)""",1917920252,131096227,2847657041200,Самарская область,Санкт‑Петербург,Действующий,Предоплата 50%,2024-01-20,2025-03-29
SUP-00267,"ООО ""КубаньСвет Сервис Бесикма Партнер (Химки)""",8436241862,369036289,1775662056341,Московская область,Химки,Действующий,Отсрочка 15 дней,2025-04-03,2025-08-13
SUP-00268,"ООО ТК ""ТайгаКрепеж Экспресс Лерипта (Самара)""",3904383034,199097005,1405468356521,Свердловская область,Самара,Действующий,Отсрочка 45 дней,2024-06-08,2025-12-14
SUP-00269,"ООО ""АлтайПрофиль Групп (Челябинск)""",7904227113,322889857,2545960633991,Санкт‑Петербург,Челябинск,Действующий,Отсрочка 30 дней,2024-01-18,2025-09-10
SUP-00270,"ООО ""АзияЛКМ Сисагта (Казань)""",1717524214,955112747,4721970546692,Нижегородская область,Казань,Действующий,Отсрочка 45 дней,2024-05-19,2025-03-31
SUP-00271,"ООО ""СеверМеталл Про (Казань)""",903802146,296136715,7787112166365,Московская область,Казань,Действующий,Отсрочка 45 дней,2025-02-20,2025-11-06
SUP-00272,"ООО ""РосЭлектро Дистриб Ренасро (Ростов-на-Дону)""",827235909,605673030,6442121461476,Челябинская область,Ростов‑на‑Дону,Действующий,Отсрочка 15 дней,2025-04-25,2025-05-24
SUP-00273,"АО ""РосСтрой Улрамна Системс (Гатчина)""",4235677826,596089319,9255027275164,Челябинская область,Гатчина,Действующий,Отсрочка 30 дней,2024-03-28,2025-06-09
SUP-00274,"АО ""ТайгаСталь Хамогро (Казань)""",3682963533,905504481,7766558685127,Татарстан,Казань,Действующий,Отсрочка 45 дней,2025-10-09,2025-10-21
SUP-00275,"АО ""БайкалСтрой Нодолдо Альянс (Нижний Новгород)""",6491111096,179817890,4633786137157,Татарстан,Нижний Новгород,Действующий,Отсрочка 30 дней,2025-01-18,2025-06-12
SUP-00276,"ООО ""ДонДистриб Ренилда (Санкт-Петербург)""",4463060002,589552963,8639609626265,Челябинская область,Санкт‑Петербург,Действующий,Предоплата 50%,2025-05-27,2025-08-07
SUP-00277,"АО ""АрктикМеханика Паногро Про (Химки)""",4825311060,920981960,2752334383640,Ростовская область,Химки,Действующий,Предоплата 50%,2025-10-01,2025-12-13
SUP-00278,"ООО ""ТрансСплав Мирирро (Казань)""",1124421175,361706171,3665722402990,Московская область,Казань,Заблокирован,Отсрочка 30 дней,2024-04-16,2025-07-30
SUP-00279,"ООО ТК ""ВолгаПневмо Снаб (Ростов-на-Дону)""",4139080882,351305231,2447315847768,Татарстан,Ростов‑на‑Дону,Действующий,Предоплата 100%,2023-12-30,2024-06-09
SUP-00280,"ООО ТД ""СеверКолесо Ремомно (Химки)""",4237676945,919663955,1720849649856,Москва,Химки,Действующий,Отсрочка 15 дней,2025-08-13,2025-11-22
SUP-00281,"ООО ПК ""МегаХим Техно Симамта (Ростов-на-Дону)""",5525105053,795381649,3831849196655,Ленинградская область,Ростов‑на‑Дону,Действующий,Отсрочка 30 дней,2024-12-25,2025-04-29
SUP-00282,"ООО ""МегаПодшипник Витосдо (Казань)""",2959639040,907426088,501716445561,Челябинская область,Казань,Действующий,Предоплата 50%,2025-02-28,2025-04-30
SUP-00283,"ООО ПК ""БайкалСервис (Челябинск)""",1591030021,563213580,401041459642,Санкт‑Петербург,Челябинск,Действующий,Предоплата 100%,2025-04-03,2025-12-11
SUP-00284,"ООО ""НеваПрофиль Центр (Казань)""",6718839774,573144158,3311703037637,Московская область,Казань,Действующий,Отсрочка 45 дней,2025-08-14,2025-12-05
SUP-00285,"ООО ""ПоволжьеПоставка (Казань)""",2812356798,363146249,1271130724078,Нижегородская область,Казань,Действующий,Отсрочка 45 дней,2024-11-08,2025-11-05
SUP-00286,"ООО ""РегионСвет (Ростов-на-Дону)""",6850745106,634362948,9786103131009,Ростовская область,Ростов‑на‑Дону,Действующий,Предоплата 50%,2024-07-29,2024-10-14
SUP-00287,"ООО ТД ""КамаКомплект Про (Химки)""",3473235494,12897432,5122572076502,Ростовская область,Химки,Действующий,Предоплата 50%,2025-02-11,2025-08-30
SUP-00288,"ООО ""УралПневмо Трейдинг (Екатеринбург)""",3710094388,221145775,8474570545897,Московская область,Екатеринбург,Действующий,Предоплата 50%,2025-08-13,2025-08-13
SUP-00289,"АО ""ОкаХим Сервис Холдинг (Екатеринбург)""",3965313614,878245569,6443098591679,Свердловская область,Екатеринбург,Действующий,Предоплата 50%,2024-05-18,2025-05-18
SUP-00290,"ООО ""ОкаРесурс Центр (Гатчина)""",8498247414,70349107,4065004254882,Московская область,Гатчина,Действующий,Предоплата 100%,2024-05-23,2025-09-12
SUP-00291,"ООО ПК ""ПрикамПневмо Ресурс (Санкт-Петербург)""",5366614494,296592342,6834414978266,Московская область,Санкт‑Петербург,Действующий,Отсрочка 15 дней,2024-10-17,2025-02-06
SUP-00292,"ООО ""ТрансСталь Групп (Нижний Новгород)""",7667080612,943985298,9406260787010,Ростовская область,Нижний Новгород,Действующий,Отсрочка 45 дней,2024-12-25,2025-08-21
SUP-00293,"ООО НП ""БайкалКомплект Металл (Новосибирск)""",198038287,232440793,1102918133170,Челябинская область,Новосибирск,Действующий,Предоплата 50%,2025-07-26,2025-11-26
SUP-00294,"ООО ""БайкалКолесо Инмипми Регион (Екатеринбург)""",8497916202,232883774,4197546617662,Москва,Екатеринбург,Действующий,Отсрочка 45 дней,2024-06-30,2025-02-25
SUP-00295,"ООО ПК ""НеваСервис Хамипти (Челябинск)""",9705277402,588358681,2259572446176,Нижегородская область,Челябинск,Действующий,Отсрочка 45 дней,2024-10-30,2024-11-16
SUP-00296,"ООО ""РегионПром Механика Готагно Плюс (Нижний Новгород)""",5995996100,231177533,1266109410175,Самарская область,Нижний Новгород,Действующий,Предоплата 100%,2025-06-15,2025-08-20
SUP-00297,"ООО ""МегаТехно Дерисри Про (Челябинск)""",9833477433,268319013,205698152873,Ленинградская область,Челябинск,Действующий,Отсрочка 45 дней,2025-03-29,2025-10-08
SUP-00298,"ООО ""ПоволжьеКрепеж Касаври Регион (Екатеринбург)""",7661912841,173098503,4465124189389,Челябинская область,Екатеринбург,Действующий,Предоплата 50%,2025-07-19,2025-08-23
SUP-00299,"ООО ТК ""СибМеталл Симамро Плюс (Новосибирск)""",4005643502,385037199,516991872401,Москва,Новосибирск,Действующий,Отсрочка 15 дней,2025-08-12,2025-10-11
SUP-00300,"ООО ПК ""ТрансМеханика (Гатчина)""",389608706,626682171,9553560331903,Татарстан,Гатчина,Действующий,Отсрочка 45 дней,2024-08-14,2024-08-24
SUP-00301,"ООО ТК ""ПолярИмпорт Шина (Гатчина)""",272405593,429671114,8375374584384,Свердловская область,Гатчина,Действующий,Предоплата 50%,2024-09-05,2025-10-26
SUP-00302,"ООО ПК ""ФедералРесурс Крепеж Замилра (Москва)""",3283483152,37710704,4964104967066,Нижегородская область,Москва,Действующий,Отсрочка 30 дней,2025-09-21,2025-11-22
SUP-00303,"АО ""ТрансИнструмент Елламма (Нижний Новгород)""",850954930,596601864,8769984267320,Ростовская область,Нижний Новгород,Заблокирован,Предоплата 50%,2025-06-22,2025-07-05
SUP-00304,"АО ""КаспийМеханика Логистик Трейд (Химки)""",945449014,954277070,7057836091498,Свердловская область,Химки,Действующий,Отсрочка 15 дней,2024-10-22,2025-04-12
SUP-00305,"ООО ""ПрикамХим Ресурс Винитти (Казань)""",2903102879,508304405,8093511871813,Ленинградская область,Казань,Действующий,Отсрочка 30 дней,2024-05-03,2024-12-21
SUP-00306,"ООО ""БайкалМеханика (Челябинск)""",9556574902,504290193,5889536902611,Ленинградская область,Челябинск,Действующий,Отсрочка 45 дней,2024-10-09,2024-12-21
SUP-00307,"ООО ""МегаДеталь Металл Денанта (Новосибирск)""",8097887543,943535375,1376515881579,Ленинградская область,Новосибирск,Действующий,Предоплата 100%,2025-06-28,2025-07-29
SUP-00308,"ООО ""АзияСталь Ремимта Партнер (Санкт-Петербург)""",6929445511,668297327,216487120602,Московская область,Санкт‑Петербург,Действующий,Отсрочка 45 дней,2025-06-27,2025-08-28
SUP-00309,"ООО ""КамаКабель Подшипник (Санкт-Петербург)""",8341559991,15767647,2298120995765,Нижегородская область,Санкт‑Петербург,Действующий,Отсрочка 45 дней,2024-12-21,2025-02-24
SUP-00310,"ООО ТД ""АзияСтрой Денагта (Екатеринбург)""",988986456,522036849,9515421447732,Ростовская область,Екатеринбург,Заблокирован,Предоплата 50%,2024-08-18,2025-01-17
SUP-00311,"АО ПК ""ЗападСервис Камисса Трейд (Гатчина)""",8209088307,53496782,7411767412415,Московская область,Гатчина,Действующий,Предоплата 50%,2024-05-17,2024-08-23
SUP-00312,"ООО ""СеверМаркет Лайн (Новосибирск)""",8150618538,3296334,7272742318306,Московская область,Новосибирск,Действующий,Предоплата 100%,2024-12-02,2025-04-22
SUP-00313,"АО ""ЦентрКабель Еллипсо (Самара)""",9357824347,769587413,1467536127515,Новосибирская область,Самара,Действующий,Отсрочка 30 дней,2024-09-19,2025-07-30
SUP-00314,"ООО ПК ""ПрикамСталь Еллагра Системс (Челябинск)""",8360854566,766404735,476392831995,Санкт‑Петербург,Челябинск,Действующий,Предоплата 50%,2024-08-21,2024-09-04
SUP-00315,"ООО ПК ""ВостокТрейд Каласла Снаб (Ростов-на-Дону)""",8108358328,634255638,3000818670244,Москва,Ростов‑на‑Дону,Действующий,Предоплата 100%,2024-11-30,2025-05-29
SUP-00316,"ООО ТП ""РегионДеталь Хим Висагло Сервис (Химки)""",2411186008,921963945,6804473149764,Татарстан,Химки,Действующий,Отсрочка 30 дней,2024-04-29,2025-05-20
SUP-00317,"ООО ТК ""РосЭлектро Интитра Центр (Челябинск)""",3607658173,906375791,4521182379312,Татарстан,Челябинск,Действующий,Отсрочка 45 дней,2024-10-11,2025-10-05
SUP-00318,"ООО ""СодружествоИмпорт Алсапла Рус (Ростов-на-Дону)""",4520599604,387875357,7881161620281,Санкт‑Петербург,Ростов‑на‑Дону,Действующий,Предоплата 50%,2024-02-23,2025-07-12
SUP-00319,"ООО ""СеверСталь Крепеж (Краснодар)""",8728660416,448595922,4839589477352,Санкт‑Петербург,Краснодар,Действующий,Отсрочка 30 дней,2025-05-15,2025-06-27
SUP-00320,"ООО ""НеваЭкспорт Подшипник Алропло Сервис (Нижний Новгород)""",433187510,979215835,344694596488,Краснодарский край,Нижний Новгород,Действующий,Отсрочка 45 дней,2024-06-25,2024-11-25
SUP-00321,"АО ""БалтикЭкспорт Уллотно (Новосибирск)""",9128965999,497320331,9222705102876,Краснодарский край,Новосибирск,Действующий,Отсрочка 45 дней,2024-08-02,2024-12-23
SUP-00322,"ООО ""СодружествоХим Рус (Санкт-Петербург)""",7548581932,426877418,6520575639836,Свердловская область,Санкт‑Петербург,Действующий,Предоплата 50%,2025-01-30,2025-08-11
SUP-00323,"АО ""ЕвроСплав Сервис (Гатчина)""",4515480940,476044090,7977278105092,Новосибирская область,Гатчина,Действующий,Предоплата 100%,2025-06-15,2025-08-03
SUP-00324,"ООО ""АрктикШина Экспресс Номамни Про (Нижний Новгород)""",518439055,295806601,3824127049386,Санкт‑Петербург,Нижний Новгород,Действующий,Предоплата 50%,2024-02-20,2025-05-19
SUP-00325,"ООО ""КубаньСтрой Зарисли Снаб (Ростов-на-Дону)""",9197111212,590203571,3432406424295,Татарстан,Ростов‑на‑Дону,Действующий,Отсрочка 15 дней,2024-12-18,2025-02-16
SUP-00326,"АО ПК ""КаспийМаш Алнарса (Краснодар)""",1759558720,962893654,3588418343740,Московская область,Краснодар,Действующий,Предоплата 100%,2024-09-15,2025-09-07
SUP-00327,"ООО ПК ""УралИнструмент Тех Видомдо (Казань)""",6905150267,551254278,2079799667345,Самарская область,Казань,Действующий,Отсрочка 30 дней,2025-08-16,2025-09-26
SUP-00328,"ООО ""АлтайГидро Комплект Демимдо (Ростов-на-Дону)""",4969028249,839225014,2576270232441,Санкт‑Петербург,Ростов‑на‑Дону,Действующий,Отсрочка 30 дней,2025-05-27,2025-06-23
SUP-00329,"ООО ""ПолярПневмо Маш Милопдо Системс (Казань)""",2517863767,316252654,6968157903923,Свердловская область,Казань,Действующий,Предоплата 50%,2024-05-30,2025-06-17
SUP-00330,"ООО ""КубаньМеханика Пневмо Елниммо Плюс (Краснодар)""",3034615626,244670462,2681715160252,Самарская область,Краснодар,Действующий,Отсрочка 30 дней,2024-03-13,2024-11-03
SUP-00331,"ООО ТД ""РосТех Колесо Трейд (Новосибирск)""",4641978575,851268612,594389760740,Московская область,Новосибирск,Действующий,Предоплата 50%,2025-02-08,2025-09-12
SUP-00332,"ООО ТК ""АзияКабель Компани (Гатчина)""",4084245607,540915086,3218122764579,Ленинградская область,Гатчина,Действующий,Отсрочка 45 дней,2024-09-08,2025-04-13
SUP-00333,"ООО ПК ""АзияСталь Мирипна Лайн (Нижний Новгород)""",9168154660,241613944,9883059736424,Челябинская область,Нижний Новгород,Действующий,Отсрочка 30 дней,2024-11-23,2025-06-01
SUP-00334,"АО ""БайкалЛогистик (Санкт-Петербург)""",624479513,305319497,9695867805555,Нижегородская область,Санкт‑Петербург,Действующий,Отсрочка 30 дней,2024-09-29,2024-10-01
SUP-00335,"АО ""ПрикамИнструмент Интинна (Самара)""",917851385,445770299,2959660487368,Санкт‑Петербург,Самара,Действующий,Предоплата 50%,2024-06-16,2025-07-20
SUP-00336,"ООО ""ПрикамКомплект Елтинми (Санкт-Петербург)""",2268653694,551588863,6774722640857,Краснодарский край,Санкт‑Петербург,Действующий,Предоплата 50%,2024-07-28,2024-09-22
SUP-00337,"ООО ПК ""ВолгаПодшипник Нонатса Групп (Ростов-на-Дону)""",932998199,605932971,5096883275327,Новосибирская область,Ростов‑на‑Дону,Действующий,Отсрочка 15 дней,2025-02-25,2025-09-27
SUP-00338,"ООО ""ВолгаПром Инжиниринг Альянс (Гатчина)""",3973278195,237100687,6164819807704,Татарстан,Гатчина,Действующий,Отсрочка 15 дней,2024-07-23,2025-05-14
SUP-00339,"ООО ПК ""ТрансСервис Тарогли (Санкт-Петербург)""",1124912565,237341517,7345475749490,Санкт‑Петербург,Санкт‑Петербург,Действующий,Предоплата 50%,2025-09-29,2025-11-24
SUP-00340,"АО ""ОкаПневмо Падавно Партнер (Краснодар)""",4294774222,946430394,2904588679252,Самарская область,Краснодар,Действующий,Отсрочка 15 дней,2025-07-24,2025-10-24
SUP-00341,"ООО ""ЗападИмпорт Милапси (Краснодар)""",7601534332,491357790,8335061581488,Новосибирская область,Краснодар,Действующий,Предоплата 50%,2024-06-15,2025-12-04
SUP-00342,"ООО ПК ""АзияКомплект Карогса (Химки)""",2337209484,131284033,3997718051371,Нижегородская область,Химки,Действующий,Предоплата 50%,2024-09-03,2025-01-06
SUP-00343,"ООО ТК ""ЕвроКолесо Лайн (Новосибирск)""",961739970,469472587,8444835488471,Санкт‑Петербург,Новосибирск,Действующий,Отсрочка 45 дней,2025-08-28,2025-10-29
SUP-00344,"ООО ""УралЛогистик Колесо Десомли Групп (Нижний Новгород)""",4175823133,484587149,3925236229258,Нижегородская область,Нижний Новгород,Действующий,Отсрочка 30 дней,2024-06-25,2024-08-31
SUP-00345,"ООО ТД ""АрктикПоставка Кабель Кадатли Групп (Гатчина)""",5245557469,660606527,4033445056658,Челябинская область,Гатчина,Действующий,Предоплата 100%,2025-04-21,2025-11-26
SUP-00346,"ООО ""АрктикТех Сталь Снаб (Ростов-на-Дону)""",2579706734,996010548,5741721562294,Самарская область,Ростов‑на‑Дону,Действующий,Отсрочка 30 дней,2024-09-30,2024-11-23
SUP-00347,"АО ТД ""АрктикХим Поставка Норогни (Самара)""",4021557325,737553449,216667080850,Самарская область,Самара,Заблокирован,Отсрочка 45 дней,2025-07-06,2025-09-10
SUP-00348,"ООО ""ЛадогаКрепеж Халокно (Челябинск)""",1191818281,979316477,2512957860694,Москва,Челябинск,Действующий,Предоплата 50%,2025-05-11,2025-07-22
SUP-00349,"ООО ""ЗападШина (Ростов-на-Дону)""",3958739592,323421089,285155333426,Ростовская область,Ростов‑на‑Дону,Действующий,Предоплата 100%,2025-03-06,2025-05-22
SUP-00350,"ООО ТД ""МегаПрофиль Ленипни Партнер (Новосибирск)""",6073607763,369112898,1231795563318,Свердловская область,Новосибирск,Действующий,Предоплата 50%,2025-03-19,2025-05-21
SUP-00351,"ООО ""ОкаТехно Тасопма Компани (Санкт-Петербург)""",1554164316,704502329,282270093459,Татарстан,Санкт‑Петербург,Действующий,Предоплата 100%,2025-01-17,2025-08-20
SUP-00352,"ООО ""ВолгаГидро Бемапто Рус (Химки)""",1207346549,500507026,869822105316,Московская область,Химки,Заблокирован,Отсрочка 30 дней,2024-06-27,2025-07-05
SUP-00353,"ООО ПК ""ВолгаПрофиль Фирарри (Гатчина)""",477425859,177932382,2311649133424,Свердловская область,Гатчина,Заблокирован,Отсрочка 45 дней,2025-03-19,2025-05-26
SUP-00354,"ООО ТК ""РегионПрофиль Минимта (Гатчина)""",5652906032,20326509,7753967379487,Московская область,Гатчина,Действующий,Отсрочка 45 дней,2024-09-23,2025-10-17
SUP-00355,"ООО ""РосСтрой Подшипник Инсигли Сервис (Нижний Новгород)""",7871584156,82137118,4254768182683,Санкт‑Петербург,Нижний Новгород,Действующий,Предоплата 50%,2024-09-11,2025-03-04
SUP-00356,"АО ""КамаКомплект Сервис Залакла Снаб (Гатчина)""",2988085838,252129328,9634064686775,Санкт‑Петербург,Гатчина,Действующий,Предоплата 50%,2024-12-21,2025-09-16
SUP-00357,"ООО ""ВостокЭлектро Маркет Фимиста (Химки)""",9910622723,626693351,3426192372450,Краснодарский край,Химки,Действующий,Отсрочка 45 дней,2025-07-16,2025-10-03
SUP-00358,"ООО ""ВолгаКомплект (Химки)""",7418972154,64176927,4381199537660,Краснодарский край,Химки,Действующий,Отсрочка 15 дней,2025-08-28,2025-10-27
SUP-00359,"ООО ТД ""ТрансМеталл Видалма Флот (Нижний Новгород)""",4510173973,964178996,9860919191135,Самарская область,Нижний Новгород,Действующий,Отсрочка 45 дней,2025-10-10,2025-12-14
SUP-00360,"ООО ПК ""ОкаПрофиль Рус (Нижний Новгород)""",7798066039,205146074,5553470574238,Челябинская область,Нижний Новгород,Действующий,Отсрочка 30 дней,2024-02-03,2025-01-23
SUP-00361,"ООО ТД ""ВостокХим (Санкт-Петербург)""",9835411659,726347557,5225013948848,Челябинская область,Санкт‑Петербург,Действующий,Предоплата 50%,2025-05-19,2025-06-10
SUP-00362,"АО ""ПрикамЛогистик (Москва)""",4258562614,991537038,2407333373204,Ленинградская область,Москва,Действующий,Отсрочка 30 дней,2025-08-28,2025-11-20
SUP-00363,"ООО ПК ""ДонМеталл Бесивли (Гатчина)""",2896964546,553585125,3892187851935,Новосибирская область,Гатчина,Действующий,Отсрочка 45 дней,2025-07-11,2025-12-03
SUP-00364,"АО ""РегионДистриб Хасавдо (Челябинск)""",7796120878,57215149,4097626374845,Ленинградская область,Челябинск,Действующий,Отсрочка 45 дней,2025-08-04,2025-08-17
SUP-00365,"ООО ""РегионМеталл Елмирла Плюс (Казань)""",9059119186,233922071,5116966672521,Ростовская область,Казань,Действующий,Отсрочка 30 дней,2025-08-16,2025-09-25
SUP-00366,"ООО ТД ""ПоволжьеМеталл ЛКМ Засанло (Краснодар)""",3515718409,80512080,564099512397,Санкт‑Петербург,Краснодар,Действующий,Отсрочка 15 дней,2024-06-30,2025-03-23
SUP-00367,"ООО ""ВолгаСплав Гомикна (Ростов-на-Дону)""",7282709081,441529821,7392957867181,Свердловская область,Ростов‑на‑Дону,Действующий,Предоплата 100%,2024-05-31,2025-06-18
SUP-00368,"ООО ПК ""ОкаПром Замипси Плюс (Самара)""",7918158998,868345273,4666617071587,Самарская область,Самара,Действующий,Отсрочка 15 дней,2024-02-05,2025-02-05
SUP-00369,"ООО ""ВолгаМаркет Альянс (Нижний Новгород)""",9982508004,635806882,8503172351373,Самарская область,Нижний Новгород,Действующий,Предоплата 50%,2024-07-04,2024-10-03
SUP-00370,"ООО ПК ""РегионЭкспресс (Новосибирск)""",3526356022,939469434,6066643749060,Новосибирская область,Новосибирск,Действующий,Предоплата 100%,2024-04-22,2025-02-13
SUP-00371,"ООО ""НеваПром Деталь Кадопни Трейд (Химки)""",7128524648,449411631,8732807711306,Санкт‑Петербург,Химки,Действующий,Предоплата 50%,2024-04-21,2024-09-30
SUP-00372,"АО ""МегаЭкспресс Елракмо Трейдинг (Челябинск)""",7908335090,254257306,6248132357071,Ленинградская область,Челябинск,Действующий,Отсрочка 45 дней,2025-01-07,2025-08-19
SUP-00373,"АО ТД ""ПолярСервис Пром (Новосибирск)""",1688092550,213060906,9130981079649,Татарстан,Новосибирск,Действующий,Предоплата 100%,2024-11-14,2024-12-13
SUP-00374,"ООО ""ВолгаИнструмент Сплав Берисса (Казань)""",2785324264,250642076,8362536667776,Нижегородская область,Казань,Действующий,Отсрочка 30 дней,2024-12-12,2025-11-02
SUP-00375,"АО ""ЗападЭкспресс Металл Парирна (Ростов-на-Дону)""",3939578654,362718749,6033582686270,Новосибирская область,Ростов‑на‑Дону,Действующий,Предоплата 100%,2024-07-22,2024-11-24
SUP-00376,"ООО ""СеверМеталл ЛКМ Калисма Рус (Новосибирск)""",9326573275,998011100,515532341595,Самарская область,Новосибирск,Действующий,Предоплата 100%,2025-07-23,2025-08-31
SUP-00377,"ООО ТД ""КубаньСтрой Елсипми (Новосибирск)""",2261896288,743127102,6767209579927,Москва,Новосибирск,Действующий,Отсрочка 45 дней,2025-07-22,2025-08-31
SUP-00378,"ООО ""АзияСервис Ордовти (Самара)""",2946213541,597099625,4384807520344,Нижегородская область,Самара,Действующий,Отсрочка 15 дней,2024-03-21,2025-04-03
SUP-00379,"ООО ""СодружествоТехно Вимолсо (Москва)""",9090463766,46558665,2548374417158,Московская область,Москва,Действующий,Предоплата 50%,2024-11-29,2025-09-07
SUP-00380,"АО ""АлтайМеханика Тех Хатиссо Снаб (Ростов-на-Дону)""",3110059129,751910231,2110633016583,Нижегородская область,Ростов‑на‑Дону,Действующий,Отсрочка 30 дней,2025-01-10,2025-02-12
SUP-00381,"ООО ТК ""РегионСвет Подшипник Орнасми (Ростов-на-Дону)""",9072801234,289311325,3269496843645,Новосибирская область,Ростов‑на‑Дону,Действующий,Отсрочка 15 дней,2025-04-18,2025-06-30
SUP-00382,"ООО ""ТайгаИмпорт Сталь Нодотро Трейд (Новосибирск)""",5096170159,591945757,5747583392056,Нижегородская область,Новосибирск,Действующий,Отсрочка 30 дней,2024-02-29,2024-05-02
SUP-00383,"ООО ПК ""СодружествоСталь Трейд Елсотна Партнер (Новосибирск)""",6602562650,622923106,7245307624843,Ленинградская область,Новосибирск,Действующий,Отсрочка 30 дней,2025-04-01,2025-06-18
SUP-00384,"ООО ""АлтайПодшипник Техно Орнинни (Москва)""",1157942387,367042549,6919284552597,Московская область,Москва,Действующий,Отсрочка 30 дней,2025-05-07,2025-10-24
SUP-00385,"АО ""АлтайХим Колесо Инсакли (Екатеринбург)""",5748595325,939933797,581629518779,Новосибирская область,Екатеринбург,Действующий,Отсрочка 30 дней,2024-08-20,2025-11-28
SUP-00386,"АО ""ПоволжьеМаркет Инструмент Хамалти Партнер (Екатеринбург)""",733055978,245759833,9914038843660,Ростовская область,Екатеринбург,Действующий,Отсрочка 15 дней,2024-05-19,2025-05-26
SUP-00387,"ООО ""КамаСнаб Елтопдо Плюс (Москва)""",5727682975,147439742,9250105875256,Челябинская область,Москва,Действующий,Отсрочка 15 дней,2025-10-14,2025-12-01
SUP-00388,"ООО ""КубаньДистриб Инласта (Химки)""",5990802711,221823155,5165176808662,Челябинская область,Химки,Действующий,Отсрочка 30 дней,2025-09-12,2025-09-16
SUP-00389,"АО ""АлтайСвет Алсирли (Казань)""",8003700332,285566084,7068103903397,Москва,Казань,Действующий,Отсрочка 45 дней,2024-08-13,2024-12-13
SUP-00390,"ООО ""ЕвроИнжиниринг Тех Ленигта (Челябинск)""",944858623,945354614,7079863210613,Ленинградская область,Челябинск,Действующий,Отсрочка 15 дней,2025-02-03,2025-05-22
SUP-00391,"АО ""КубаньТехно Снаб (Екатеринбург)""",3943804032,537657692,7789431910090,Москва,Екатеринбург,Действующий,Отсрочка 15 дней,2024-10-30,2025-05-02
SUP-00392,"ООО ПК ""СодружествоЛогистик Электро Орровра Рус (Химки)""",5336514604,14247310,7201137984409,Нижегородская область,Химки,Действующий,Предоплата 100%,2025-07-28,2025-09-06
SUP-00393,"АО ""КубаньПрофиль Свет Демосли (Краснодар)""",6762090144,734043370,968730451957,Нижегородская область,Краснодар,Действующий,Отсрочка 15 дней,2025-01-14,2025-01-29
SUP-00394,"ООО ТК ""ФедералМаш Алратни (Санкт-Петербург)""",6296575427,865619425,5778205829582,Самарская область,Санкт‑Петербург,Заблокирован,Предоплата 100%,2024-11-17,2025-11-28
SUP-00395,"ООО ПК ""ДонМаш Горирси Системс (Екатеринбург)""",8190482357,155868639,5613723081721,Новосибирская область,Екатеринбург,Действующий,Отсрочка 30 дней,2024-04-17,2025-09-12
SUP-00396,"ООО ТД ""ВолгаХим Иннигсо (Новосибирск)""",3000413211,471656094,5653469979907,Москва,Новосибирск,Действующий,Предоплата 50%,2025-07-01,2025-12-11
SUP-00397,"ООО ТД ""МегаСвет Системс (Нижний Новгород)""",6995706071,748113176,5397054873961,Москва,Нижний Новгород,Действующий,Предоплата 50%,2025-01-20,2025-10-22
SUP-00398,"ООО ТК ""РосДистриб Маркет Кадамро (Казань)""",9680491872,742049561,2137730626042,Ленинградская область,Казань,Действующий,Отсрочка 45 дней,2025-05-22,2025-07-07
SUP-00399,"ООО ПК ""ПрикамЭкспресс (Санкт-Петербург)""",2299077560,858167046,8611145768321,Москва,Санкт‑Петербург,Действующий,Предоплата 100%,2025-03-24,2025-05-22
SUP-00400,"АО ""РосКолесо Сидонми Регион (Новосибирск)""",7129618033,242605080,1849804253733,Краснодарский край,Новосибирск,Действующий,Предоплата 100%,2025-07-06,2025-10-09
SUP-00401,"ООО ""СибСталь Готавси Лайн (Самара)""",1228217819,236534606,560356793279,Челябинская область,Самара,Действующий,Предоплата 100%,2025-07-13,2025-11-28
SUP-00402,"АО ""РосЭлектро Техно Фиромдо Партнер (Гатчина)""",6906181205,464754895,4787698999275,Московская область,Гатчина,Действующий,Отсрочка 15 дней,2024-10-14,2025-06-25
SUP-00403,"ООО ""ЗападКомплект Тасасри (Краснодар)""",4449835539,354358644,9639243588537,Самарская область,Краснодар,Действующий,Отсрочка 15 дней,2025-10-01,2025-10-09
SUP-00404,"АО ""АзияДистриб Профиль Альянс (Москва)""",7536749785,249141686,134778948963,Ростовская область,Москва,Заблокирован,Отсрочка 30 дней,2025-10-03,2025-11-15
SUP-00405,"ООО ТК ""КубаньСталь Импорт Елсорли Альянс (Краснодар)""",2215001418,842163090,159446333999,Ростовская область,Краснодар,Действующий,Предоплата 100%,2025-03-16,2025-09-30
SUP-00406,"АО ""АзияСнаб Плюс (Ростов-на-Дону)""",2638902199,471136337,9223410346996,Нижегородская область,Ростов‑на‑Дону,Действующий,Предоплата 50%,2025-08-14,2025-09-23
SUP-00407,"ООО ""АлтайДистриб Партнер (Ростов-на-Дону)""",6960843768,550789679,3521962633556,Ростовская область,Ростов‑на‑Дону,Действующий,Предоплата 100%,2025-03-22,2025-06-06
SUP-00408,"ООО ПК ""ОкаМаркет Техно Занагра (Москва)""",1706955607,676164534,5472239898306,Свердловская область,Москва,Действующий,Предоплата 50%,2024-01-18,2025-08-16
SUP-00409,"АО ""КаспийТехно Пром Пасигла Трейд (Екатеринбург)""",8472426423,642813190,9248762303911,Московская область,Екатеринбург,Действующий,Предоплата 100%,2025-07-13,2025-07-25
SUP-00410,"ООО ТК ""ТрансСнаб Плюс (Челябинск)""",2823052480,880622072,2395947372132,Краснодарский край,Челябинск,Действующий,Предоплата 50%,2025-07-13,2025-10-15
SUP-00411,"ООО ПК ""РосПрофиль Лесигна Групп (Казань)""",7688687859,964862872,319541966645,Москва,Казань,Действующий,Предоплата 50%,2024-10-14,2025-06-06
SUP-00412,"АО ""ПрикамТехно Комплект Засагта Сервис (Краснодар)""",2463203747,677537260,3214505766194,Свердловская область,Краснодар,Действующий,Предоплата 50%,2024-05-23,2025-08-26
SUP-00413,"ООО ПК ""ОкаЛКМ Силивти (Нижний Новгород)""",8201284008,385076597,5954508917768,Москва,Нижний Новгород,Действующий,Отсрочка 45 дней,2024-11-28,2025-03-07
SUP-00414,"ООО ТК ""ЕвроХим Маш Кадакми (Новосибирск)""",7422319646,300402369,3626894301204,Новосибирская область,Новосибирск,Действующий,Предоплата 100%,2025-01-14,2025-07-02
SUP-00415,"ООО ""АрктикЛогистик Экспресс Елтанса (Санкт-Петербург)""",7595749885,582984933,674584760944,Московская область,Санкт‑Петербург,Действующий,Предоплата 100%,2025-05-13,2025-06-11
SUP-00416,"АО ""АзияСталь Талигто (Ростов-на-Дону)""",6669541329,715066626,7055143776936,Татарстан,Ростов‑на‑Дону,Действующий,Отсрочка 45 дней,2024-04-03,2025-10-10
SUP-00417,"АО ""АзияГидро Маш Лерокда Трейд (Ростов-на-Дону)""",1111028671,200720245,5910245109109,Москва,Ростов‑на‑Дону,Действующий,Отсрочка 30 дней,2025-08-28,2025-10-08
SUP-00418,"ООО ""АлтайКомплект (Новосибирск)""",8194217942,817934065,2775844663453,Ленинградская область,Новосибирск,Действующий,Предоплата 100%,2025-08-23,2025-09-29
SUP-00419,"ООО ""КамаСтрой (Нижний Новгород)""",1722145593,766189437,526351004627,Нижегородская область,Нижний Новгород,Заблокирован,Отсрочка 15 дней,2025-08-17,2025-12-07
SUP-00420,"ООО ПК ""ДонПром Елнигро (Санкт-Петербург)""",9202461752,23897432,6005595501783,Ленинградская область,Санкт‑Петербург,Действующий,Отсрочка 45 дней,2025-03-01,2025-08-09
SUP-00421,"ООО ТД ""ЦентрТехно Инжиниринг Альянс (Самара)""",9360798487,45069176,7993593744039,Ростовская область,Самара,Действующий,Отсрочка 45 дней,2025-06-18,2025-11-16
SUP-00422,"АО ""АрктикГидро Сервис (Химки)""",6014886084,907938841,3685283061537,Москва,Химки,Действующий,Отсрочка 15 дней,2025-03-29,2025-07-29
SUP-00423,"АО ТК ""ПрикамТех Делавни (Казань)""",6325144881,121031421,7518878179415,Московская область,Казань,Действующий,Предоплата 100%,2024-09-13,2025-04-13
SUP-00424,"ООО ""ОкаПром Сталь Катагто (Москва)""",1122528837,505661863,2397913787655,Ленинградская область,Москва,Действующий,Предоплата 100%,2024-01-12,2025-10-08
SUP-00425,"ООО ""КамаТех (Санкт-Петербург)""",5605712198,819277885,1905348640104,Краснодарский край,Санкт‑Петербург,Действующий,Отсрочка 30 дней,2024-01-11,2025-11-21
SUP-00426,"АО ""РегионДеталь Гидро Патанса (Краснодар)""",5174460045,212899151,1455129391304,Ростовская область,Краснодар,Действующий,Предоплата 50%,2025-02-18,2025-03-28
SUP-00427,"ООО ""ПоволжьеЛогистик Хим Ретимси (Челябинск)""",4160461540,211901707,5681429831522,Краснодарский край,Челябинск,Действующий,Предоплата 50%,2025-07-06,2025-09-20
SUP-00428,"ООО НП ""ПоволжьеМаркет (Челябинск)""",8360849378,306396384,5269694439164,Краснодарский край,Челябинск,Действующий,Предоплата 50%,2024-05-02,2024-10-22
SUP-00429,"ООО ПК ""ЕвроМаш Летисто Лайн (Краснодар)""",2913203301,623419031,615372215566,Краснодарский край,Краснодар,Действующий,Отсрочка 30 дней,2024-09-09,2025-08-28
SUP-00430,"АО ""ПрикамПром (Екатеринбург)""",3377460406,720078436,1424426078197,Свердловская область,Екатеринбург,Действующий,Отсрочка 30 дней,2024-05-22,2024-12-19
SUP-00431,"АО ""МегаДистриб ЛКМ Халапсо Лайн (Краснодар)""",7372037638,821458414,8460191344389,Самарская область,Краснодар,Действующий,Отсрочка 30 дней,2025-04-26,2025-08-03
SUP-00432,"ООО ТК ""ТайгаСнаб Делондо Лайн (Казань)""",8695073214,644936999,5167933505573,Челябинская область,Казань,Действующий,Отсрочка 30 дней,2024-01-14,2024-12-14
SUP-00433,"ООО ТК ""ПрикамПром Инструмент (Химки)""",2360376811,872333510,4096149731539,Московская область,Химки,Действующий,Отсрочка 45 дней,2024-03-12,2024-06-25
SUP-00434,"ООО ""АлтайЛогистик Пром Годанло Трейдинг (Санкт-Петербург)""",4820736511,893940655,7820190432230,Новосибирская область,Санкт‑Петербург,Действующий,Предоплата 100%,2024-08-27,2024-09-18
SUP-00435,"АО ""ЕвроМаш Снаб Тарипти (Гатчина)""",3920135462,127602508,2611231261632,Ростовская область,Гатчина,Действующий,Отсрочка 45 дней,2025-04-09,2025-04-24
SUP-00436,"ООО ""ЛадогаТех (Нижний Новгород)""",2989376297,454930364,6871912038187,Татарстан,Нижний Новгород,Действующий,Предоплата 100%,2025-08-15,2025-09-26
SUP-00437,"ООО ""ТайгаЭкспресс Сервис (Гатчина)""",3089813881,588144582,2067323182971,Татарстан,Гатчина,Действующий,Предоплата 50%,2025-06-28,2025-08-26
SUP-00438,"ООО ТД ""ТрансМаркет Дистриб (Челябинск)""",15291,137178509,255618444218,Санкт‑Петербург,Челябинск,Действующий,Отсрочка 45 дней,2024-10-02,2025-12-09
SUP-00439,"ООО ПК ""АрктикЛогистик Трейд Сервис (Санкт-Петербург)""",4890567086,700900436,5515848266913,Татарстан,Санкт‑Петербург,Действующий,Отсрочка 45 дней,2025-06-11,2025-06-30
SUP-00440,"АО ""ПоволжьеМаркет Тасикти Про (Краснодар)""",2960807063,369987950,9822104016481,Челябинская область,Краснодар,Действующий,Отсрочка 15 дней,2024-02-13,2025-02-21
SUP-00441,"ООО ""АлтайСтрой ЛКМ Ултимти Компани (Екатеринбург)""",3836381643,212694289,4642036258631,Ростовская область,Екатеринбург,Действующий,Предоплата 50%,2024-06-23,2025-10-21
SUP-00442,"ООО ""ПоволжьеСнаб Падопно (Екатеринбург)""",5402635582,430176464,4898803153888,Санкт‑Петербург,Екатеринбург,Действующий,Предоплата 100%,2025-01-27,2025-04-17
SUP-00443,"ООО ""ПрикамТех Маркет Трейд (Ростов-на-Дону)""",433335384,951632111,9787180933913,Нижегородская область,Ростов‑на‑Дону,Действующий,Отсрочка 15 дней,2024-02-26,2025-02-08
SUP-00444,"АО ТК ""ДонТехно Улранса (Гатчина)""",9875617868,800230091,5618298036577,Ростовская область,Гатчина,Действующий,Отсрочка 45 дней,2024-01-29,2024-04-16
SUP-00445,"ООО ПК ""УралТрейд Экспорт Фирости Трейд (Краснодар)""",6595201491,189418433,6875092632239,Самарская область,Краснодар,Действующий,Предоплата 100%,2023-12-28,2025-09-23
SUP-00446,"ООО ПК ""ДонСтрой Трейд (Москва)""",4042886050,537666081,1260030835669,Московская область,Москва,Действующий,Отсрочка 30 дней,2024-12-04,2025-07-06
SUP-00447,"ООО ""ЕвроТрейд Фирагна Лайн (Ростов-на-Дону)""",3455068826,917768293,8440134808735,Ростовская область,Ростов‑на‑Дону,Действующий,Отсрочка 45 дней,2024-07-29,2024-09-18
SUP-00448,"ООО ТК ""ЕвроПрофиль Гономса (Екатеринбург)""",5910157090,859914492,749269996996,Краснодарский край,Екатеринбург,Действующий,Отсрочка 45 дней,2024-02-10,2024-09-14
SUP-00449,"ООО ТК ""АлтайЛКМ Профиль Ресанта Плюс (Гатчина)""",4285969325,914084993,2312342669806,Самарская область,Гатчина,Действующий,Отсрочка 45 дней,2025-04-05,2025-04-27
SUP-00450,"ООО ПК ""СодружествоТехно Харисри (Челябинск)""",6072348389,359538280,4056129965082,Татарстан,Челябинск,Действующий,Отсрочка 45 дней,2025-10-10,2025-10-25
SUP-00451,"АО ТП ""ОкаТехно Улнилсо Про (Новосибирск)""",6965613087,612385951,4346823948400,Санкт‑Петербург,Новосибирск,Действующий,Предоплата 50%,2024-09-22,2024-11-08
SUP-00452,"ООО ""РосСтрой Гидро Елротсо Трейдинг (Нижний Новгород)""",6101683113,950016809,4149150762839,Нижегородская область,Нижний Новгород,Действующий,Предоплата 100%,2025-03-13,2025-09-29
SUP-00453,"ООО ТП ""АлтайЛКМ Экспорт Елсакла Про (Краснодар)""",777946207,266292508,1776029914068,Краснодарский край,Краснодар,Действующий,Предоплата 100%,2024-08-06,2025-06-28
SUP-00454,"АО ""БалтикИнструмент Гидро Елрогли (Химки)""",5523561781,703211920,6136385277895,Татарстан,Химки,Действующий,Отсрочка 30 дней,2024-08-18,2024-10-02
SUP-00455,"ООО ""ВолгаМаш Бетавдо (Санкт-Петербург)""",9029502648,16440373,4167812778221,Москва,Санкт‑Петербург,Действующий,Отсрочка 30 дней,2025-07-05,2025-09-18
SUP-00456,"ООО ""СодружествоИнструмент Улмигри Регион (Гатчина)""",6298579736,383182856,539707986617,Нижегородская область,Гатчина,Действующий,Отсрочка 30 дней,2024-04-07,2024-10-22
SUP-00457,"АО ТК ""ПолярМаш Инструмент Нототмо Партнер (Самара)""",506821223,552165058,7146921821925,Самарская область,Самара,Заблокирован,Отсрочка 45 дней,2025-06-07,2025-07-14
SUP-00458,"ООО ""ДонСнаб Деталь (Новосибирск)""",9984802205,93869484,2495988114578,Челябинская область,Новосибирск,Заблокирован,Предоплата 50%,2025-06-24,2025-08-31
SUP-00459,"ООО ""РосСтрой Профиль Симолни (Ростов-на-Дону)""",6767382097,461917798,7682996872258,Самарская область,Ростов‑на‑Дону,Действующий,Предоплата 50%,2024-06-25,2025-02-20
SUP-00460,"ООО ТК ""БалтикГидро Ситамто Групп (Челябинск)""",2350405669,579001248,2554428679632,Свердловская область,Челябинск,Действующий,Предоплата 100%,2025-06-13,2025-06-13
SUP-00461,"АО ""ПолярЭкспорт Трейдинг (Краснодар)""",3389156241,528572562,9269335895138,Московская область,Краснодар,Действующий,Отсрочка 15 дней,2025-08-05,2025-10-12
SUP-00462,"ООО ""БалтикДеталь Берирли Компани (Ростов-на-Дону)""",6850957443,34918911,7972038593401,Свердловская область,Ростов‑на‑Дону,Действующий,Предоплата 50%,2025-05-09,2025-09-18
SUP-00463,"ООО ""СибПрофиль (Новосибирск)""",3132593678,136750094,2141052769819,Челябинская область,Новосибирск,Действующий,Отсрочка 45 дней,2024-04-13,2025-03-13
SUP-00464,"АО ""ВолгаДеталь (Казань)""",3888562258,660598678,7442275854859,Татарстан,Казань,Действующий,Отсрочка 15 дней,2023-12-31,2024-10-04
SUP-00465,"ООО ТК ""ФедералДеталь Виникса (Гатчина)""",9116502000,245393132,1551305570836,Челябинская область,Гатчина,Действующий,Предоплата 50%,2025-05-22,2025-06-23
SUP-00466,"ООО ТД ""КаспийМаш Денасси (Санкт-Петербург)""",6997273677,462025825,4318328123123,Самарская область,Санкт‑Петербург,Действующий,Предоплата 50%,2025-06-09,2025-10-21
SUP-00467,"ООО ""ЛадогаМаш Свет Фитакси Компани (Челябинск)""",1836472387,508276817,2257754584726,Санкт‑Петербург,Челябинск,Действующий,Отсрочка 15 дней,2024-02-23,2025-03-15
SUP-00468,"АО ""ТрансШина (Гатчина)""",6831608271,721733739,9205222999362,Московская область,Гатчина,Действующий,Отсрочка 15 дней,2025-05-31,2025-11-18
SUP-00469,"ООО ""ПоволжьеПром Дистриб Миравма Групп (Новосибирск)""",2325539835,844617773,2643095449791,Санкт‑Петербург,Новосибирск,Действующий,Отсрочка 45 дней,2024-10-30,2025-02-27
SUP-00470,"ООО ПК ""ДонДистриб Нодогси Групп (Челябинск)""",2053978713,752988322,125608320048,Нижегородская область,Челябинск,Действующий,Отсрочка 30 дней,2025-07-31,2025-09-13
SUP-00471,"ООО ""ФедералПодшипник Инсавла (Челябинск)""",3585238600,304436199,5171523910292,Новосибирская область,Челябинск,Действующий,Предоплата 50%,2025-07-29,2025-11-18
SUP-00472,"ООО ТП ""ТрансДеталь Орнилти (Нижний Новгород)""",8309309671,397191260,2213217672019,Новосибирская область,Нижний Новгород,Действующий,Предоплата 50%,2025-04-27,2025-07-06
SUP-00473,"ООО ""ФедералСплав Памовла (Краснодар)""",9072587339,304936653,8027481242114,Москва,Краснодар,Действующий,Отсрочка 45 дней,2024-05-05,2024-11-06
SUP-00474,"АО ""ЦентрСталь Комплект Халалдо Плюс (Краснодар)""",2294620935,561039952,9701371243658,Свердловская область,Краснодар,Действующий,Отсрочка 15 дней,2024-01-02,2025-08-14
SUP-00475,"АО ""КамаДистриб Сервис (Химки)""",2027061592,738740299,716690632248,Краснодарский край,Химки,Действующий,Отсрочка 15 дней,2024-09-15,2024-10-23
SUP-00476,"АО ""ПоволжьеЭлектро Снаб Ортагти Флот (Москва)""",4030109567,975649157,9554623471247,Татарстан,Москва,Действующий,Отсрочка 45 дней,2025-10-01,2025-10-01
SUP-00477,"ООО ""РосЛогистик Техно Трейд (Новосибирск)""",683176417,268080815,7129015071380,Татарстан,Новосибирск,Действующий,Предоплата 50%,2025-06-03,2025-07-04
SUP-00478,"ООО ""ФедералСвет Шина Алнитни Про (Нижний Новгород)""",4584743621,300962588,5766947031805,Ленинградская область,Нижний Новгород,Действующий,Предоплата 100%,2024-11-29,2025-01-08
SUP-00479,"ООО ТК ""СибМаркет (Москва)""",6621591832,700046661,4590110797714,Москва,Москва,Действующий,Отсрочка 15 дней,2025-03-19,2025-07-27
SUP-00480,"ООО ""ЦентрРесурс Пром Минивло Лайн (Краснодар)""",9490531520,499809497,6987313797166,Самарская область,Краснодар,Действующий,Предоплата 50%,2025-07-12,2025-07-29
SUP-00481,"ООО ""ЦентрИмпорт Хатопра Флот (Новосибирск)""",4077943325,623899499,1970142620370,Челябинская область,Новосибирск,Действующий,Отсрочка 45 дней,2024-04-04,2024-09-03
SUP-00482,"АО ""СодружествоПневмо Трейдинг (Химки)""",418135998,989721170,8894801864482,Санкт‑Петербург,Химки,Действующий,Отсрочка 15 дней,2025-02-17,2025-03-17
SUP-00483,"ООО ТК ""ДонТех Алрапсо Холдинг (Нижний Новгород)""",8570820048,67571236,9149611287942,Самарская область,Нижний Новгород,Действующий,Отсрочка 45 дней,2024-08-19,2025-06-07
SUP-00484,"АО ""ФедералМаркет Гидро Флот (Екатеринбург)""",7040953141,961560783,2748835651796,Санкт‑Петербург,Екатеринбург,Действующий,Отсрочка 45 дней,2025-01-29,2025-11-21
SUP-00485,"ООО ПК ""СодружествоПодшипник Милимли (Ростов-на-Дону)""",6834960478,421702851,6225936488208,Самарская область,Ростов‑на‑Дону,Действующий,Отсрочка 30 дней,2024-10-09,2025-12-10
SUP-00486,"ООО ""УралПром Тех Залорна Трейдинг (Казань)""",6246728799,160911413,1935923613376,Москва,Казань,Действующий,Предоплата 100%,2024-08-14,2025-06-24
SUP-00487,"ООО ""КаспийМеханика Лерарро Рус (Краснодар)""",6502544724,191650344,966177182498,Самарская область,Краснодар,Действующий,Отсрочка 45 дней,2024-11-17,2025-08-28
SUP-00488,"ООО ТК ""ЕвроЭкспресс Елрамми Компани (Гатчина)""",8214174681,359266486,9893969874869,Ростовская область,Гатчина,Действующий,Предоплата 50%,2023-12-27,2025-02-09
SUP-00489,"ООО ТД ""ЦентрКабель Гомасда Флот (Челябинск)""",119292075,360511716,398863653621,Челябинская область,Челябинск,Действующий,Отсрочка 15 дней,2024-09-17,2025-02-24
SUP-00490,"ООО ""СибМеталл Маркет Летатри (Краснодар)""",9942489420,466489667,6056420456577,Свердловская область,Краснодар,Действующий,Отсрочка 45 дней,2025-05-05,2025-05-06
SUP-00491,"ООО ПК ""БалтикПодшипник Лемокти (Новосибирск)""",8906235466,226540165,9953006221224,Санкт‑Петербург,Новосибирск,Действующий,Отсрочка 30 дней,2024-11-15,2025-03-08
SUP-00492,"ООО ""ПоволжьеСталь Лесонни Лайн (Новосибирск)""",6011241158,488600801,7986778231299,Свердловская область,Новосибирск,Действующий,Предоплата 50%,2024-05-10,2025-03-29
SUP-00493,"ООО ""ЦентрЛКМ Бетансо Флот (Казань)""",6121203843,753659680,7852548242183,Челябинская область,Казань,Действующий,Отсрочка 15 дней,2025-02-15,2025-06-29
SUP-00494,"ООО ""ЕвроМаркет Камагна (Санкт-Петербург)""",5475231123,274897917,7633427203886,Краснодарский край,Санкт‑Петербург,Действующий,Отсрочка 30 дней,2025-03-08,2025-07-16
SUP-00495,"ООО ТД ""СибСнаб Елнопна (Химки)""",1963045306,935882493,5340018167784,Челябинская область,Химки,Действующий,Отсрочка 15 дней,2025-07-02,2025-07-17
SUP-00496,"АО ""ОкаКрепеж Летотро (Челябинск)""",4460838517,993781053,9128788486999,Татарстан,Челябинск,Действующий,Предоплата 100%,2024-09-10,2025-08-19
SUP-00497,"ООО ТК ""БалтикМаш Мирарра Флот (Москва)""",2714724630,198642423,8397283391218,Нижегородская область,Москва,Действующий,Предоплата 100%,2024-11-11,2025-07-15
SUP-00498,"ООО ТК ""ПолярЭлектро Носимси Рус (Ростов-на-Дону)""",9832210102,320018676,6100898761081,Ростовская область,Ростов‑на‑Дону,Действующий,Предоплата 50%,2025-06-06,2025-10-15
SUP-00499,"ООО ""СодружествоШина Снаб Нотолно (Казань)""",5319807468,235469510,307620545967,Московская область,Казань,Действующий,Предоплата 50%,2024-08-21,2025-11-23
SUP-00500,"ООО ""ПолярМаркет Про (Санкт-Петербург)""",1065411340,785169949,7089058366834,Челябинская область,Санкт‑Петербург,Действующий,Отсрочка 45 дней,2025-01-27,2025-08-31
